ScientificName,AphiaID,Match type,Qualitystatus,Taxon status,ScientificName,Authority,AphiaID_accepted,ScientificName_accepted,Authority_accepted,Kingdom,Phylum,Class,Order,Family,Genus,Subgenus,Species,Subspecies,isMarine,isBrackish,isFresh,isTerrestrial,Citation
Achromadora,153150,exact,Checked by Taxonomic Editor,accepted,Achromadora,"Cobb, 1913",153150,Achromadora,"Cobb, 1913",Animalia,Nematoda,Chromadorea,Chromadorida,Achromadoridae,Achromadora,,,,0,1,1,1,"Nemys eds. (2022). Nemys: World Database of Nematodes. Achromadora Cobb, 1913. Accessed through: World Register of Marine Species at: https://www.marinespecies.org/aphia.php?p=taxdetails&id=153150 on 2022-06-30"
Acrobeles,582845,exact,Checked by Taxonomic Editor,accepted,Acrobeles,"von Linstow, 1877",582845,Acrobeles,"von Linstow, 1877",Animalia,Nematoda,Chromadorea,Rhabditida,Cephalobidae,Acrobeles,,,,0,0,1,1,"Nemys eds. (2022). Nemys: World Database of Nematodes. Acrobeles von Linstow, 1877. Accessed through: World Register of Marine Species at: https://www.marinespecies.org/aphia.php?p=taxdetails&id=582845 on 2022-06-30"
Acrobeloides,582846,exact,Checked by Taxonomic Editor,accepted,Acrobeloides,"(Cobb, 1924) Thorne, 1937",582846,Acrobeloides,"(Cobb, 1924) Thorne, 1937",Animalia,Nematoda,Chromadorea,Rhabditida,Cephalobidae,Acrobeloides,,,,0,0,1,1,"Nemys eds. (2022). Nemys: World Database of Nematodes. Acrobeloides (Cobb, 1924) Thorne, 1937. Accessed through: World Register of Marine Species at: https://www.marinespecies.org/aphia.php?p=taxdetails&id=582846 on 2022-06-30"
Acrolobus,1318955,exact,Checked by Taxonomic Editor,accepted,Acrolobus,"Boström, 1985",1318955,Acrolobus,"Boström, 1985",Animalia,Nematoda,Chromadorea,Rhabditida,Cephalobidae,Acrolobus,,,,0,0,0,1,"Nemys eds. (2022). Nemys: World Database of Nematodes. Acrolobus Boström, 1985. Accessed through: World Register of Marine Species at: https://www.marinespecies.org/aphia.php?p=taxdetails&id=1318955 on 2022-06-30"
Acrostichus,1294005,exact,Checked by Taxonomic Editor,accepted,Acrostichus,"Rahm, 1928",1294005,Acrostichus,"Rahm, 1928",Animalia,Nematoda,Chromadorea,Rhabditida,Diplogastridae,Acrostichus,,,,,,1,1,"Nemys eds. (2022). Nemys: World Database of Nematodes. Acrostichus Rahm, 1928. Accessed through: World Register of Marine Species at: https://www.marinespecies.org/aphia.php?p=taxdetails&id=1294005 on 2022-06-30"
Actinca,1293996,exact,Checked by Taxonomic Editor,accepted,Actinca,"Andrássy, 1964",1293996,Actinca,"Andrássy, 1964",Animalia,Nematoda,Enoplea,Dorylaimida,Actinolaimidae,Actinca,,,,0,0,1,1,"Nemys eds. (2022). Nemys: World Database of Nematodes. Actinca Andrássy, 1964. Accessed through: World Register of Marine Species at: https://www.marinespecies.org/aphia.php?p=taxdetails&id=1293996 on 2022-06-30"
Aglenchus,153400,exact,Checked by Taxonomic Editor,accepted,Aglenchus,"Andrássy, 1954",153400,Aglenchus,"Andrássy, 1954",Animalia,Nematoda,Chromadorea,Rhabditida,Tylenchidae,Aglenchus,,,,0,,1,1,"Nemys eds. (2022). Nemys: World Database of Nematodes. Aglenchus Andrássy, 1954. Accessed through: World Register of Marine Species at: https://www.marinespecies.org/aphia.php?p=taxdetails&id=153400 on 2022-06-30"
Akrotonus,1475921,exact,Checked by Taxonomic Editor,accepted,Akrotonus,"Thorne, 1974",1475921,Akrotonus,"Thorne, 1974",Animalia,Nematoda,Enoplea,Dorylaimida,Aporcelaimidae,Akrotonus,,,,0,0,0,1,"Nemys eds. (2022). Nemys: World Database of Nematodes. Akrotonus Thorne, 1974. Accessed through: World Register of Marine Species at: https://www.marinespecies.org/aphia.php?p=taxdetails&id=1475921 on 2022-06-30"
Alaimus,227387,exact,Checked by Taxonomic Editor,accepted,Alaimus,"de Man, 1880",227387,Alaimus,"de Man, 1880",Animalia,Nematoda,Enoplea,Enoplida,Alaimidae,Alaimus,,,,,,1,1,"Nemys eds. (2022). Nemys: World Database of Nematodes. Alaimus de Man, 1880. Accessed through: World Register of Marine Species at: https://www.marinespecies.org/aphia.php?p=taxdetails&id=227387 on 2022-06-30"
Allodorylaimus,889760,exact,Checked by Taxonomic Editor,accepted,Allodorylaimus,"Andrássy, 1986",889760,Allodorylaimus,"Andrássy, 1986",Animalia,Nematoda,Enoplea,Dorylaimida,Qudsianematidae,Allodorylaimus,,,,0,0,0,1,"Nemys eds. (2022). Nemys: World Database of Nematodes. Allodorylaimus Andrássy, 1986. Accessed through: World Register of Marine Species at: https://www.marinespecies.org/aphia.php?p=taxdetails&id=889760 on 2022-06-30"
Amphidelus,2497,exact,Checked by Taxonomic Editor,accepted,Amphidelus,"Thorne, 1939",2497,Amphidelus,"Thorne, 1939",Animalia,Nematoda,Enoplea,Enoplida,Alaimidae,Amphidelus,,,,1,,1,1,"Nemys eds. (2022). Nemys: World Database of Nematodes. Amphidelus Thorne, 1939. Accessed through: World Register of Marine Species at: https://www.marinespecies.org/aphia.php?p=taxdetails&id=2497 on 2022-06-30"
Anaplectus,227268,exact,Checked by Taxonomic Editor,accepted,Anaplectus,"De Coninck & Schuurmans Stekhoven, 1933",227268,Anaplectus,"De Coninck & Schuurmans Stekhoven, 1933",Animalia,Nematoda,Chromadorea,Plectida,Plectidae,Anaplectus,,,,,,1,1,"Nemys eds. (2022). Nemys: World Database of Nematodes. Anaplectus De Coninck & Schuurmans Stekhoven, 1933. Accessed through: World Register of Marine Species at: https://www.marinespecies.org/aphia.php?p=taxdetails&id=227268 on 2022-06-30"
Anguina,1316813,exact,Checked by Taxonomic Editor,accepted,Anguina,"Scopoli, 1777",1316813,Anguina,"Scopoli, 1777",Animalia,Nematoda,Chromadorea,Rhabditida,Anguinidae,Anguina,,,,,,1,1,"Nemys eds. (2022). Nemys: World Database of Nematodes. Anguina Scopoli, 1777. Accessed through: World Register of Marine Species at: https://www.marinespecies.org/aphia.php?p=taxdetails&id=1316813 on 2022-06-30"
Aorolaimus,1585042,exact,Checked by Taxonomic Editor,accepted,Aorolaimus,"Sher, 1963",1585042,,,Animalia,Nematoda,Chromadorea,Rhabditida,Hoplolaimidae,Aorolaimus,,,,,,,1,"Nemys eds. (2022). Nemys: World Database of Nematodes. Aorolaimus Sher, 1963. Accessed through: World Register of Marine Species at: https://www.marinespecies.org/aphia.php?p=taxdetails&id=1585042 on 2022-06-30"
Aphanolaimus,227255,exact,Checked by Taxonomic Editor,accepted,Aphanolaimus,"de Man, 1880",227255,Aphanolaimus,"de Man, 1880",Animalia,Nematoda,Chromadorea,Plectida,Aphanolaimidae,Aphanolaimus,,,,0,0,1,1,"Nemys eds. (2022). Nemys: World Database of Nematodes. Aphanolaimus de Man, 1880. Accessed through: World Register of Marine Species at: https://www.marinespecies.org/aphia.php?p=taxdetails&id=227255 on 2022-06-30"
Aphelenchoides,227509,exact,Checked by Taxonomic Editor,accepted,Aphelenchoides,"Fischer, 1894",227509,Aphelenchoides,"Fischer, 1894",Animalia,Nematoda,Chromadorea,Rhabditida,Aphelenchoididae,Aphelenchoides,,,,1,1,1,1,"Nemys eds. (2022). Nemys: World Database of Nematodes. Aphelenchoides Fischer, 1894. Accessed through: World Register of Marine Species at: https://www.marinespecies.org/aphia.php?p=taxdetails&id=227509 on 2022-06-30"
Aphelenchus,582852,exact,Checked by Taxonomic Editor,accepted,Aphelenchus,"Bastian, 1865",582852,Aphelenchus,"Bastian, 1865",Animalia,Nematoda,Chromadorea,Rhabditida,Aphelenchidae,Aphelenchus,,,,0,0,1,1,"Nemys eds. (2022). Nemys: World Database of Nematodes. Aphelenchus Bastian, 1865. Accessed through: World Register of Marine Species at: https://www.marinespecies.org/aphia.php?p=taxdetails&id=582852 on 2022-06-30"
Apoleptonchus,1477280,exact,Checked by Taxonomic Editor,accepted,Apoleptonchus,"Siddiqi, 1982",1477280,Apoleptonchus,"Siddiqi, 1982",Animalia,Nematoda,Enoplea,Dorylaimida,Leptonchidae,Apoleptonchus,,,,0,0,0,1,"Nemys eds. (2022). Nemys: World Database of Nematodes. Apoleptonchus Siddiqi, 1982. Accessed through: World Register of Marine Species at: https://www.marinespecies.org/aphia.php?p=taxdetails&id=1477280 on 2022-06-30"
Aporcelaimellus,582853,exact,Checked by Taxonomic Editor,accepted,Aporcelaimellus,"Heyns, 1965",582853,Aporcelaimellus,"Heyns, 1965",Animalia,Nematoda,Enoplea,Dorylaimida,Aporcelaimidae,Aporcelaimellus,,,,0,0,1,1,"Nemys eds. (2022). Nemys: World Database of Nematodes. Aporcelaimellus Heyns, 1965. Accessed through: World Register of Marine Species at: https://www.marinespecies.org/aphia.php?p=taxdetails&id=582853 on 2022-06-30"
Aporcelaimus,231713,exact,Checked by Taxonomic Editor,accepted,Aporcelaimus,"Thorne & Swanger, 1936",231713,Aporcelaimus,"Thorne & Swanger, 1936",Animalia,Nematoda,Enoplea,Dorylaimida,Aporcelaimidae,Aporcelaimus,,,,1,,1,1,"Nemys eds. (2022). Nemys: World Database of Nematodes. Aporcelaimus Thorne & Swanger, 1936. Accessed through: World Register of Marine Species at: https://www.marinespecies.org/aphia.php?p=taxdetails&id=231713 on 2022-06-30"
Aprutides,1584962,exact,Checked by Taxonomic Editor,accepted,Aprutides,"Scognamiglio, Talame & s'Jacob, 1970",1584962,,,Animalia,Nematoda,Chromadorea,Rhabditida,Aphelenchoididae,Aprutides,,,,,,,1,"Nemys eds. (2022). Nemys: World Database of Nematodes. Aprutides Scognamiglio, Talame & s'Jacob, 1970. Accessed through: World Register of Marine Species at: https://www.marinespecies.org/aphia.php?p=taxdetails&id=1584962 on 2022-06-30"
Aquatides,1294120,exact,Checked by Taxonomic Editor,accepted,Aquatides,"Heyns, 1968",1294120,Aquatides,"Heyns, 1968",Animalia,Nematoda,Enoplea,Dorylaimida,Nygolaimidae,Aquatides,,,,0,0,1,1,"Nemys eds. (2022). Nemys: World Database of Nematodes. Aquatides Heyns, 1968. Accessed through: World Register of Marine Species at: https://www.marinespecies.org/aphia.php?p=taxdetails&id=1294120 on 2022-06-30"
Axonchium,582862,exact,Checked by Taxonomic Editor,accepted,Axonchium,"Cobb, 1920",582862,Axonchium,"Cobb, 1920",Animalia,Nematoda,Enoplea,Dorylaimida,Belondiridae,Axonchium,,,,0,0,1,1,"Nemys eds. (2022). Nemys: World Database of Nematodes. Axonchium Cobb, 1920. Accessed through: World Register of Marine Species at: https://www.marinespecies.org/aphia.php?p=taxdetails&id=582862 on 2022-06-30"
Bakernema,1427594,exact,Checked by Taxonomic Editor,accepted,Bakernema,"Wu, 1964",1427594,Bakernema,"Wu, 1964",Animalia,Nematoda,Chromadorea,Rhabditida,Criconematidae,Bakernema,,,,0,0,,1,"Nemys eds. (2022). Nemys: World Database of Nematodes. Bakernema Wu, 1964. Accessed through: World Register of Marine Species at: https://www.marinespecies.org/aphia.php?p=taxdetails&id=1427594 on 2022-06-30"
barracuda.jpg,994024,phonetic,Checked by Taxonomic Editor,accepted,Barracudia,"Moravec & Shamsi, 2017",994024,Barracudia,"Moravec & Shamsi, 2017",Animalia,Nematoda,Chromadorea,Rhabditida,Philometridae,Barracudia,,,,1,,,,"Nemys eds. (2022). Nemys: World Database of Nematodes. Barracudia Moravec & Shamsi, 2017. Accessed through: World Register of Marine Species at: https://www.marinespecies.org/aphia.php?p=taxdetails&id=994024 on 2022-06-30"
Bastiania,227285,exact,Checked by Taxonomic Editor,accepted,Bastiania,"de Man, 1876",227285,Bastiania,"de Man, 1876",Animalia,Nematoda,Enoplea,Triplonchida,Bastianiidae,Bastiania,,,,,,1,1,"Nemys eds. (2022). Nemys: World Database of Nematodes. Bastiania de Man, 1876. Accessed through: World Register of Marine Species at: https://www.marinespecies.org/aphia.php?p=taxdetails&id=227285 on 2022-06-30"
Bathyodontus,227375,exact,Checked by Taxonomic Editor,accepted,Bathyodontus,"Fielding, 1950",227375,Bathyodontus,"Fielding, 1950",Animalia,Nematoda,Enoplea,Mononchida,Bathyodontidae,Bathyodontus,,,,,,1,1,"Nemys eds. (2022). Nemys: World Database of Nematodes. Bathyodontus Fielding, 1950. Accessed through: World Register of Marine Species at: https://www.marinespecies.org/aphia.php?p=taxdetails&id=227375 on 2022-06-30"
Belondira,956631,exact,Checked by Taxonomic Editor,accepted,Belondira,"Thorne, 1939",956631,Belondira,"Thorne, 1939",Animalia,Nematoda,Enoplea,Dorylaimida,Belondiridae,Belondira,,,,0,1,1,1,"Nemys eds. (2022). Nemys: World Database of Nematodes. Belondira Thorne, 1939. Accessed through: World Register of Marine Species at: https://www.marinespecies.org/aphia.php?p=taxdetails&id=956631 on 2022-06-30"
Belonolaimus,1060985,exact,Checked by Taxonomic Editor,accepted,Belonolaimus,"Steiner, 1949",1060985,Belonolaimus,"Steiner, 1949",Animalia,Nematoda,Chromadorea,Rhabditida,Dolichodoridae,Belonolaimus,,,,0,0,,1,"Nemys eds. (2022). Nemys: World Database of Nematodes. Belonolaimus Steiner, 1949. Accessed through: World Register of Marine Species at: https://www.marinespecies.org/aphia.php?p=taxdetails&id=1060985 on 2022-06-30"
Boleodorus,1294159,exact,Checked by Taxonomic Editor,accepted,Boleodorus,"Thorne, 1941",1294159,Boleodorus,"Thorne, 1941",Animalia,Nematoda,Chromadorea,Rhabditida,Tylenchidae,Boleodorus,,,,0,,1,1,"Nemys eds. (2022). Nemys: World Database of Nematodes. Boleodorus Thorne, 1941. Accessed through: World Register of Marine Species at: https://www.marinespecies.org/aphia.php?p=taxdetails&id=1294159 on 2022-06-30"
Boreolaimus,1294137,exact,Checked by Taxonomic Editor,accepted,Boreolaimus,"Andrássy, 1998",1294137,Boreolaimus,"Andrássy, 1998",Animalia,Nematoda,Enoplea,Dorylaimida,Qudsianematidae,Boreolaimus,,,,0,0,1,0,"Nemys eds. (2022). Nemys: World Database of Nematodes. Boreolaimus Andrássy, 1998. Accessed through: World Register of Marine Species at: https://www.marinespecies.org/aphia.php?p=taxdetails&id=1294137 on 2022-06-30"
Bunonema,582869,exact,Checked by Taxonomic Editor,accepted,Bunonema,"Jägerskiöld, 1905",582869,Bunonema,"Jägerskiöld, 1905",Animalia,Nematoda,Chromadorea,Rhabditida,Bunonematidae,Bunonema,,,,0,0,1,1,"Nemys eds. (2022). Nemys: World Database of Nematodes. Bunonema Jägerskiöld, 1905. Accessed through: World Register of Marine Species at: https://www.marinespecies.org/aphia.php?p=taxdetails&id=582869 on 2022-06-30"
Bursaphelenchus,1544445,exact,Checked by Taxonomic Editor,accepted,Bursaphelenchus,"Fuchs, 1937",1544445,Bursaphelenchus,"Fuchs, 1937",Animalia,Nematoda,Chromadorea,Rhabditida,Aphelenchoididae,Bursaphelenchus,,,,0,0,0,1,"Nemys eds. (2022). Nemys: World Database of Nematodes. Bursaphelenchus Fuchs, 1937. Accessed through: World Register of Marine Species at: https://www.marinespecies.org/aphia.php?p=taxdetails&id=1544445 on 2022-06-30"
Cactodera,1315833,exact,Checked by Taxonomic Editor,accepted,Cactodera,"Krall & Krall, 1978",1315833,Cactodera,"Krall & Krall, 1978",Animalia,Nematoda,Chromadorea,Rhabditida,Heteroderidae,Cactodera,,,,,1,,1,"Nemys eds. (2022). Nemys: World Database of Nematodes. Cactodera Krall & Krall, 1978. Accessed through: World Register of Marine Species at: https://www.marinespecies.org/aphia.php?p=taxdetails&id=1315833 on 2022-06-30"
Californidorus,1546925,exact,Checked by Taxonomic Editor,accepted,Californidorus,"Robbins & Weiner, 1978",1546925,Californidorus,"Robbins & Weiner, 1978",Animalia,Nematoda,Enoplea,Dorylaimida,Nordiidae,Californidorus,,,,0,0,0,1,"Nemys eds. (2022). Nemys: World Database of Nematodes. Californidorus Robbins & Weiner, 1978. Accessed through: World Register of Marine Species at: https://www.marinespecies.org/aphia.php?p=taxdetails&id=1546925 on 2022-06-30"
Calodorylaimus,1294036,exact,Checked by Taxonomic Editor,accepted,Calodorylaimus,"Andrássy, 1969",1294036,Calodorylaimus,"Andrássy, 1969",Animalia,Nematoda,Enoplea,Dorylaimida,Dorylaimidae,Calodorylaimus,,,,0,0,1,1,"Nemys eds. (2022). Nemys: World Database of Nematodes. Calodorylaimus Andrássy, 1969. Accessed through: World Register of Marine Species at: https://www.marinespecies.org/aphia.php?p=taxdetails&id=1294036 on 2022-06-30"
Campydora,582874,exact,Checked by Taxonomic Editor,accepted,Campydora,"Cobb, 1920",582874,Campydora,"Cobb, 1920",Animalia,Nematoda,Enoplea,Enoplida,Campydoridae,Campydora,,,,0,0,0,1,"Nemys eds. (2022). Nemys: World Database of Nematodes. Campydora Cobb, 1920. Accessed through: World Register of Marine Species at: https://www.marinespecies.org/aphia.php?p=taxdetails&id=582874 on 2022-06-30"
Capilonchus,1546980,exact,Checked by Taxonomic Editor,accepted,Capilonchus,"Siddiqi, 1982",1546980,Capilonchus,"Siddiqi, 1982",Animalia,Nematoda,Enoplea,Dorylaimida,Tylencholaimidae,Capilonchus,,,,0,0,0,1,"Nemys eds. (2022). Nemys: World Database of Nematodes. Capilonchus Siddiqi, 1982. Accessed through: World Register of Marine Species at: https://www.marinespecies.org/aphia.php?p=taxdetails&id=1546980 on 2022-06-30"
Carcharolaimus,1345258,exact,Checked by Taxonomic Editor,accepted,Carcharolaimus,"Thorne, 1939",1345258,Carcharolaimus,"Thorne, 1939",Animalia,Nematoda,Enoplea,Dorylaimida,Qudsianematidae,Carcharolaimus,,,,0,0,1,1,"Nemys eds. (2022). Nemys: World Database of Nematodes. Carcharolaimus Thorne, 1939. Accessed through: World Register of Marine Species at: https://www.marinespecies.org/aphia.php?p=taxdetails&id=1345258 on 2022-06-30"
Cephalobus,153171,exact,Checked by Taxonomic Editor,accepted,Cephalobus,"Bastian, 1865",153171,Cephalobus,"Bastian, 1865",Animalia,Nematoda,Chromadorea,Rhabditida,Cephalobidae,Cephalobus,,,,0,0,1,1,"Nemys eds. (2022). Nemys: World Database of Nematodes. Cephalobus Bastian, 1865. Accessed through: World Register of Marine Species at: https://www.marinespecies.org/aphia.php?p=taxdetails&id=153171 on 2022-06-30"
Cervidellus,582881,exact,Checked by Taxonomic Editor,accepted,Cervidellus,"Thorne, 1937",582881,Cervidellus,"Thorne, 1937",Animalia,Nematoda,Chromadorea,Rhabditida,Cephalobidae,Cervidellus,,,,0,0,0,1,"Nemys eds. (2022). Nemys: World Database of Nematodes. Cervidellus Thorne, 1937. Accessed through: World Register of Marine Species at: https://www.marinespecies.org/aphia.php?p=taxdetails&id=582881 on 2022-06-30"
Chiloplacus,582887,exact,Checked by Taxonomic Editor,accepted,Chiloplacus,"Thorne, 1937",582887,Chiloplacus,"Thorne, 1937",Animalia,Nematoda,Chromadorea,Rhabditida,Cephalobidae,Chiloplacus,,,,0,0,0,1,"Nemys eds. (2022). Nemys: World Database of Nematodes. Chiloplacus Thorne, 1937. Accessed through: World Register of Marine Species at: https://www.marinespecies.org/aphia.php?p=taxdetails&id=582887 on 2022-06-30"
Chiloplectus,868755,exact,Checked by Taxonomic Editor,accepted,Chiloplectus,"Andrássy, 1984",868755,Chiloplectus,"Andrássy, 1984",Animalia,Nematoda,Chromadorea,Plectida,Plectidae,Chiloplectus,,,,0,0,0,1,"Nemys eds. (2022). Nemys: World Database of Nematodes. Chiloplectus Andrássy, 1984. Accessed through: World Register of Marine Species at: https://www.marinespecies.org/aphia.php?p=taxdetails&id=868755 on 2022-06-30"
Chronogaster,227267,exact,Checked by Taxonomic Editor,accepted,Chronogaster,"Cobb, 1913",227267,Chronogaster,"Cobb, 1913",Animalia,Nematoda,Chromadorea,Plectida,Chronogastridae,Chronogaster,,,,1,1,1,1,"Nemys eds. (2022). Nemys: World Database of Nematodes. Chronogaster Cobb, 1913. Accessed through: World Register of Marine Species at: https://www.marinespecies.org/aphia.php?p=taxdetails&id=227267 on 2022-06-30"
Clarkus,954708,exact,Checked by Taxonomic Editor,accepted,Clarkus,"Jairajpuri, 1970",954708,Clarkus,"Jairajpuri, 1970",Animalia,Nematoda,Enoplea,Mononchida,Mononchidae,Clarkus,,,,,,1,1,"Nemys eds. (2022). Nemys: World Database of Nematodes. Clarkus Jairajpuri, 1970. Accessed through: World Register of Marine Species at: https://www.marinespecies.org/aphia.php?p=taxdetails&id=954708 on 2022-06-30"
Clavicaudoides,1294122,exact,Checked by Taxonomic Editor,accepted,Clavicaudoides,"Heyns, 1968",1294122,Clavicaudoides,"Heyns, 1968",Animalia,Nematoda,Enoplea,Dorylaimida,Nygolaimidae,Clavicaudoides,,,,0,0,1,1,"Nemys eds. (2022). Nemys: World Database of Nematodes. Clavicaudoides Heyns, 1968. Accessed through: World Register of Marine Species at: https://www.marinespecies.org/aphia.php?p=taxdetails&id=1294122 on 2022-06-30"
Cobbonchus,582892,exact,Checked by Taxonomic Editor,accepted,Cobbonchus,"Andrássy, 1958",582892,Cobbonchus,"Andrássy, 1958",Animalia,Nematoda,Enoplea,Mononchida,Mononchidae,Cobbonchus,,,,,,1,1,"Nemys eds. (2022). Nemys: World Database of Nematodes. Cobbonchus Andrássy, 1958. Accessed through: World Register of Marine Species at: https://www.marinespecies.org/aphia.php?p=taxdetails&id=582892 on 2022-06-30"
concertina.jpg,468555,exact,Checked by Taxonomic Editor,accepted,Concertina,"Gordon, 1986",468555,Concertina,"Gordon, 1986",Animalia,Bryozoa,Gymnolaemata,Cheilostomatida,Calloporidae,Concertina,,,,1,,,,"Bock, P. (2022). World List of Bryozoa. Concertina Gordon, 1986. Accessed through: World Register of Marine Species at: https://www.marinespecies.org/aphia.php?p=taxdetails&id=468555 on 2022-06-30"
Coomansinema,1557246,exact,Checked by Taxonomic Editor,accepted,Coomansinema,"Ahmad & Jairajpuri, 1989",1557246,Coomansinema,"Ahmad & Jairajpuri, 1989",Animalia,Nematoda,Enoplea,Dorylaimida,Thornenematidae,Coomansinema,,,,0,0,1,1,"Nemys eds. (2022). Nemys: World Database of Nematodes. Coomansinema Ahmad & Jairajpuri, 1989. Accessed through: World Register of Marine Species at: https://www.marinespecies.org/aphia.php?p=taxdetails&id=1557246 on 2022-06-30"
Coslenchus,1294161,exact,Checked by Taxonomic Editor,accepted,Coslenchus,"Siddiqi, 1978",1294161,Coslenchus,"Siddiqi, 1978",Animalia,Nematoda,Chromadorea,Rhabditida,Tylenchidae,Coslenchus,,,,0,,1,1,"Nemys eds. (2022). Nemys: World Database of Nematodes. Coslenchus Siddiqi, 1978. Accessed through: World Register of Marine Species at: https://www.marinespecies.org/aphia.php?p=taxdetails&id=1294161 on 2022-06-30"
Criconema,431787,exact,Checked by Taxonomic Editor,accepted,Criconema,"Hofmänner & Menzel, 1914",431787,Criconema,"Hofmänner & Menzel, 1914",Animalia,Nematoda,Chromadorea,Rhabditida,Criconematidae,Criconema,,,,0,0,1,1,"Nemys eds. (2022). Nemys: World Database of Nematodes. Criconema Hofmänner & Menzel, 1914. Accessed through: World Register of Marine Species at: https://www.marinespecies.org/aphia.php?p=taxdetails&id=431787 on 2022-06-30"
Criconemoides,428348,exact,Checked by Taxonomic Editor,accepted,Criconemoides,"Taylor, 1936",428348,Criconemoides,"Taylor, 1936",Animalia,Nematoda,Chromadorea,Rhabditida,Criconematidae,Criconemoides,,,,0,0,1,1,"Nemys eds. (2022). Nemys: World Database of Nematodes. Criconemoides Taylor, 1936. Accessed through: World Register of Marine Species at: https://www.marinespecies.org/aphia.php?p=taxdetails&id=428348 on 2022-06-30"
Crocodorylaimus,887838,exact,Checked by Taxonomic Editor,accepted,Crocodorylaimus,"Andrassy, 1988",887838,Crocodorylaimus,"Andrassy, 1988",Animalia,Nematoda,Enoplea,Dorylaimida,Dorylaimidae,Crocodorylaimus,,,,0,0,1,0,"Nemys eds. (2022). Nemys: World Database of Nematodes. Crocodorylaimus Andrassy, 1988. Accessed through: World Register of Marine Species at: https://www.marinespecies.org/aphia.php?p=taxdetails&id=887838 on 2022-06-30"
Crossonema,1427563,exact,Checked by Taxonomic Editor,accepted,Crossonema,"Mehta & Raski, 1971",1427563,Crossonema,"Mehta & Raski, 1971",Animalia,Nematoda,Chromadorea,Rhabditida,Criconematidae,Crossonema,,,,0,0,,1,"Nemys eds. (2022). Nemys: World Database of Nematodes. Crossonema Mehta & Raski, 1971. Accessed through: World Register of Marine Species at: https://www.marinespecies.org/aphia.php?p=taxdetails&id=1427563 on 2022-06-30"
Cylindrolaimus,227201,exact,Checked by Taxonomic Editor,accepted,Cylindrolaimus,"de Man, 1880",227201,Cylindrolaimus,"de Man, 1880",Animalia,Nematoda,Chromadorea,Araeolaimida,Diplopeltidae,Cylindrolaimus,,,,1,1,1,1,"Nemys eds. (2022). Nemys: World Database of Nematodes. Cylindrolaimus de Man, 1880. Accessed through: World Register of Marine Species at: https://www.marinespecies.org/aphia.php?p=taxdetails&id=227201 on 2022-06-30"
Dactyluraxonchium,1566345,exact,Checked by Taxonomic Editor,accepted,Dactyluraxonchium,"Coomans & Nair, 1975",1566345,Dactyluraxonchium,"Coomans & Nair, 1975",Animalia,Nematoda,Enoplea,Dorylaimida,Belondiridae,Dactyluraxonchium,,,,0,0,1,1,"Nemys eds. (2022). Nemys: World Database of Nematodes. Dactyluraxonchium Coomans & Nair, 1975. Accessed through: World Register of Marine Species at: https://www.marinespecies.org/aphia.php?p=taxdetails&id=1566345 on 2022-06-30"
Desmolaimus,2474,exact,Checked by Taxonomic Editor: included in ERMS 1.1,accepted,Desmolaimus,"de Man, 1880",2474,Desmolaimus,"de Man, 1880",Animalia,Nematoda,Chromadorea,Monhysterida,Linhomoeidae,Desmolaimus,,,,1,1,,,"Nemys eds. (2022). Nemys: World Database of Nematodes. Desmolaimus de Man, 1880. Accessed through: World Register of Marine Species at: https://www.marinespecies.org/aphia.php?p=taxdetails&id=2474 on 2022-06-30"
Diphtherophora,582911,exact,Checked by Taxonomic Editor,accepted,Diphtherophora,"de Man, 1880",582911,Diphtherophora,"de Man, 1880",Animalia,Nematoda,Enoplea,Triplonchida,Diphtherophoridae,Diphtherophora,,,,0,0,1,1,"Nemys eds. (2022). Nemys: World Database of Nematodes. Diphtherophora de Man, 1880. Accessed through: World Register of Marine Species at: https://www.marinespecies.org/aphia.php?p=taxdetails&id=582911 on 2022-06-30"
Diplogasteriana,1296314,exact,Checked by Taxonomic Editor,accepted,Diplogasteriana,"Meyl, 1960",1296314,Diplogasteriana,"Meyl, 1960",Animalia,Nematoda,Chromadorea,Rhabditida,Diplogastridae,Diplogasteriana,,,,,,,1,"Nemys eds. (2022). Nemys: World Database of Nematodes. Diplogasteriana Meyl, 1960. Accessed through: World Register of Marine Species at: https://www.marinespecies.org/aphia.php?p=taxdetails&id=1296314 on 2022-06-30"
Diplogasteritus,1294006,exact,Checked by Taxonomic Editor,accepted,Diplogasteritus,"Paramonov, 1952",1294006,Diplogasteritus,"Paramonov, 1952",Animalia,Nematoda,Chromadorea,Rhabditida,Diplogastridae,Diplogasteritus,,,,,,1,1,"Nemys eds. (2022). Nemys: World Database of Nematodes. Diplogasteritus Paramonov, 1952. Accessed through: World Register of Marine Species at: https://www.marinespecies.org/aphia.php?p=taxdetails&id=1294006 on 2022-06-30"
Diplolaimella,2444,exact,Checked by Taxonomic Editor,accepted,Diplolaimella,"Allgén, 1929",2444,Diplolaimella,"Allgén, 1929",Animalia,Nematoda,Chromadorea,Monhysterida,Monhysteridae,Diplolaimella,,,,1,1,1,,"Nemys eds. (2022). Nemys: World Database of Nematodes. Diplolaimella Allgén, 1929. Accessed through: World Register of Marine Species at: https://www.marinespecies.org/aphia.php?p=taxdetails&id=2444 on 2022-06-30"
Diplolaimelloides,2445,exact,Checked by Taxonomic Editor,accepted,Diplolaimelloides,"Meyl, 1954",2445,Diplolaimelloides,"Meyl, 1954",Animalia,Nematoda,Chromadorea,Monhysterida,Monhysteridae,Diplolaimelloides,,,,1,1,,,"Nemys eds. (2022). Nemys: World Database of Nematodes. Diplolaimelloides Meyl, 1954. Accessed through: World Register of Marine Species at: https://www.marinespecies.org/aphia.php?p=taxdetails&id=2445 on 2022-06-30"
Diploscapter,153172,exact,Checked by Taxonomic Editor,accepted,Diploscapter,"Cobb, 1913",153172,Diploscapter,"Cobb, 1913",Animalia,Nematoda,Chromadorea,Rhabditida,Rhabditidae,Diploscapter,,,,0,0,0,1,"Nemys eds. (2022). Nemys: World Database of Nematodes. Diploscapter Cobb, 1913. Accessed through: World Register of Marine Species at: https://www.marinespecies.org/aphia.php?p=taxdetails&id=153172 on 2022-06-30"
Discocriconemella,1427590,exact,Checked by Taxonomic Editor,accepted,Discocriconemella,"De Griesse & Loof, 1965",1427590,Discocriconemella,"De Griesse & Loof, 1965",Animalia,Nematoda,Chromadorea,Rhabditida,Criconematidae,Discocriconemella,,,,0,0,,1,"Nemys eds. (2022). Nemys: World Database of Nematodes. Discocriconemella De Griesse & Loof, 1965. Accessed through: World Register of Marine Species at: https://www.marinespecies.org/aphia.php?p=taxdetails&id=1427590 on 2022-06-30"
Discolaimium,582914,exact,Checked by Taxonomic Editor,accepted,Discolaimium,"Thorne, 1939",582914,Discolaimium,"Thorne, 1939",Animalia,Nematoda,Enoplea,Dorylaimida,Qudsianematidae,Discolaimium,,,,0,0,1,1,"Nemys eds. (2022). Nemys: World Database of Nematodes. Discolaimium Thorne, 1939. Accessed through: World Register of Marine Species at: https://www.marinespecies.org/aphia.php?p=taxdetails&id=582914 on 2022-06-30"
Discolaimoides,1294140,exact,Checked by Taxonomic Editor,accepted,Discolaimoides,"Heyns, 1963",1294140,Discolaimoides,"Heyns, 1963",Animalia,Nematoda,Enoplea,Dorylaimida,Qudsianematidae,Discolaimoides,,,,0,0,1,1,"Nemys eds. (2022). Nemys: World Database of Nematodes. Discolaimoides Heyns, 1963. Accessed through: World Register of Marine Species at: https://www.marinespecies.org/aphia.php?p=taxdetails&id=1294140 on 2022-06-30"
Discolaimus,582915,exact,Checked by Taxonomic Editor,accepted,Discolaimus,"Cobb, 1913",582915,Discolaimus,"Cobb, 1913",Animalia,Nematoda,Enoplea,Dorylaimida,Qudsianematidae,Discolaimus,,,,0,0,1,1,"Nemys eds. (2022). Nemys: World Database of Nematodes. Discolaimus Cobb, 1913. Accessed through: World Register of Marine Species at: https://www.marinespecies.org/aphia.php?p=taxdetails&id=582915 on 2022-06-30"
Ditylenchus,1294016,exact,Checked by Taxonomic Editor,accepted,Ditylenchus,"Filipjev, 1936",1294016,Ditylenchus,"Filipjev, 1936",Animalia,Nematoda,Chromadorea,Rhabditida,Anguinidae,Ditylenchus,,,,,,1,1,"Nemys eds. (2022). Nemys: World Database of Nematodes. Ditylenchus Filipjev, 1936. Accessed through: World Register of Marine Species at: https://www.marinespecies.org/aphia.php?p=taxdetails&id=1294016 on 2022-06-30"
Dorydorella,1293985,exact,Checked by Taxonomic Editor,accepted,Dorydorella,"Andrássy, 1987",1293985,Dorydorella,"Andrássy, 1987",Animalia,Nematoda,Enoplea,Dorylaimida,Qudsianematidae,Dorydorella,,,,0,0,1,1,"Nemys eds. (2022). Nemys: World Database of Nematodes. Dorydorella Andrássy, 1987. Accessed through: World Register of Marine Species at: https://www.marinespecies.org/aphia.php?p=taxdetails&id=1293985 on 2022-06-30"
Dorylaimellus,582920,exact,Checked by Taxonomic Editor,accepted,Dorylaimellus,"Cobb, 1913",582920,Dorylaimellus,"Cobb, 1913",Animalia,Nematoda,Enoplea,Dorylaimida,Belondiridae,Dorylaimellus,,,,0,0,0,1,"Nemys eds. (2022). Nemys: World Database of Nematodes. Dorylaimellus Cobb, 1913. Accessed through: World Register of Marine Species at: https://www.marinespecies.org/aphia.php?p=taxdetails&id=582920 on 2022-06-30"
Dorylaimoides,582921,exact,Checked by Taxonomic Editor,accepted,Dorylaimoides,"Thorne & Swanger, 1936",582921,Dorylaimoides,"Thorne & Swanger, 1936",Animalia,Nematoda,Enoplea,Dorylaimida,Mydonomidae,Dorylaimoides,,,,0,0,1,1,"Nemys eds. (2022). Nemys: World Database of Nematodes. Dorylaimoides Thorne & Swanger, 1936. Accessed through: World Register of Marine Species at: https://www.marinespecies.org/aphia.php?p=taxdetails&id=582921 on 2022-06-30"
Doryllium,582923,exact,Checked by Taxonomic Editor,accepted,Doryllium,"Cobb, 1920",582923,Doryllium,"Cobb, 1920",Animalia,Nematoda,Enoplea,Dorylaimida,Tylencholaimellidae,Doryllium,,,,0,1,1,1,"Nemys eds. (2022). Nemys: World Database of Nematodes. Doryllium Cobb, 1920. Accessed through: World Register of Marine Species at: https://www.marinespecies.org/aphia.php?p=taxdetails&id=582923 on 2022-06-30"
Drepanodorylaimus,889765,exact,Checked by Taxonomic Editor,accepted,Drepanodorylaimus,"Jairajpuri, 1966",889765,Drepanodorylaimus,"Jairajpuri, 1966",Animalia,Nematoda,Enoplea,Dorylaimida,Dorylaimidae,Drepanodorylaimus,,,,,,1,1,"Nemys eds. (2022). Nemys: World Database of Nematodes. Drepanodorylaimus Jairajpuri, 1966. Accessed through: World Register of Marine Species at: https://www.marinespecies.org/aphia.php?p=taxdetails&id=889765 on 2022-06-30"
Ecumenicus,889751,exact,Checked by Taxonomic Editor,accepted,Ecumenicus,"Thorne, 1974",889751,Ecumenicus,"Thorne, 1974",Animalia,Nematoda,Enoplea,Dorylaimida,Qudsianematidae,Ecumenicus,,,,0,,1,1,"Nemys eds. (2022). Nemys: World Database of Nematodes. Ecumenicus Thorne, 1974. Accessed through: World Register of Marine Species at: https://www.marinespecies.org/aphia.php?p=taxdetails&id=889751 on 2022-06-30"
Enchodelus,582925,exact,Checked by Taxonomic Editor,accepted,Enchodelus,"Ahmad & Jairajpuri, 1980",582925,Enchodelus,"Ahmad & Jairajpuri, 1980",Animalia,Nematoda,Enoplea,Dorylaimida,Nordiidae,Enchodelus,,,,0,0,1,1,"Nemys eds. (2022). Nemys: World Database of Nematodes. Enchodelus Ahmad & Jairajpuri, 1980. Accessed through: World Register of Marine Species at: https://www.marinespecies.org/aphia.php?p=taxdetails&id=582925 on 2022-06-30"
Epidorylaimus,889750,exact,Checked by Taxonomic Editor,accepted,Epidorylaimus,"Andrássy, 1986",889750,Epidorylaimus,"Andrássy, 1986",Animalia,Nematoda,Enoplea,Dorylaimida,Qudsianematidae,Epidorylaimus,,,,0,,1,1,"Nemys eds. (2022). Nemys: World Database of Nematodes. Epidorylaimus Andrássy, 1986. Accessed through: World Register of Marine Species at: https://www.marinespecies.org/aphia.php?p=taxdetails&id=889750 on 2022-06-30"
Ethmolaimus,2323,exact,Checked by Taxonomic Editor,accepted,Ethmolaimus,"de Man, 1880",2323,Ethmolaimus,"de Man, 1880",Animalia,Nematoda,Chromadorea,Chromadorida,Ethmolaimidae,Ethmolaimus,,,,1,1,1,1,"Nemys eds. (2022). Nemys: World Database of Nematodes. Ethmolaimus de Man, 1880. Accessed through: World Register of Marine Species at: https://www.marinespecies.org/aphia.php?p=taxdetails&id=2323 on 2022-06-30"
Eucephalobus,153389,exact,Checked by Taxonomic Editor,accepted,Eucephalobus,"Steiner, 1936",153389,Eucephalobus,"Steiner, 1936",Animalia,Nematoda,Chromadorea,Rhabditida,Cephalobidae,Eucephalobus,,,,0,0,1,1,"Nemys eds. (2022). Nemys: World Database of Nematodes. Eucephalobus Steiner, 1936. Accessed through: World Register of Marine Species at: https://www.marinespecies.org/aphia.php?p=taxdetails&id=153389 on 2022-06-30"
Eudorylaimus,153384,exact,Checked by Taxonomic Editor,accepted,Eudorylaimus,"Andrássy, 1959",153384,Eudorylaimus,"Andrássy, 1959",Animalia,Nematoda,Enoplea,Dorylaimida,Qudsianematidae,Eudorylaimus,,,,0,0,1,1,"Nemys eds. (2022). Nemys: World Database of Nematodes. Eudorylaimus Andrássy, 1959. Accessed through: World Register of Marine Species at: https://www.marinespecies.org/aphia.php?p=taxdetails&id=153384 on 2022-06-30"
Eumonhystera,231716,exact,Checked by Taxonomic Editor,accepted,Eumonhystera,"Andrássy, 1981",231716,Eumonhystera,"Andrássy, 1981",Animalia,Nematoda,Chromadorea,Monhysterida,Monhysteridae,Eumonhystera,,,,1,0,1,0,"Nemys eds. (2022). Nemys: World Database of Nematodes. Eumonhystera Andrássy, 1981. Accessed through: World Register of Marine Species at: https://www.marinespecies.org/aphia.php?p=taxdetails&id=231716 on 2022-06-30"
Fictor,1294117,exact,Checked by Taxonomic Editor,accepted,Fictor,"Paramonov, 1952",1294117,Fictor,"Paramonov, 1952",Animalia,Nematoda,Chromadorea,Rhabditida,Diplogastridae,Fictor,,,,0,0,1,1,"Nemys eds. (2022). Nemys: World Database of Nematodes. Fictor Paramonov, 1952. Accessed through: World Register of Marine Species at: https://www.marinespecies.org/aphia.php?p=taxdetails&id=1294117 on 2022-06-30"
Filenchus,1061160,exact,Checked by Taxonomic Editor,accepted,Filenchus,"Andrássy, 1954",1061160,Filenchus,"Andrássy, 1954",Animalia,Nematoda,Chromadorea,Rhabditida,Tylenchidae,Filenchus,,,,0,,1,1,"Nemys eds. (2022). Nemys: World Database of Nematodes. Filenchus Andrássy, 1954. Accessed through: World Register of Marine Species at: https://www.marinespecies.org/aphia.php?p=taxdetails&id=1061160 on 2022-06-30"
Funaria,1294050,exact,Checked by Taxonomic Editor,accepted,Funaria,"van der Linde, 1938",1294050,Funaria,"van der Linde, 1938",Animalia,Nematoda,Enoplea,Dorylaimida,Leptonchidae,Funaria,,,,,,1,,"Nemys eds. (2022). Nemys: World Database of Nematodes. Funaria van der Linde, 1938. Accessed through: World Register of Marine Species at: https://www.marinespecies.org/aphia.php?p=taxdetails&id=1294050 on 2022-06-30"
Geocenamus,1426313,exact,Checked by Taxonomic Editor,accepted,Geocenamus,"Thorne & Malek, 1968",1426313,Geocenamus,"Thorne & Malek, 1968",Animalia,Nematoda,Chromadorea,Rhabditida,Dolichodoridae,Geocenamus,,,,0,0,,1,"Nemys eds. (2022). Nemys: World Database of Nematodes. Geocenamus Thorne & Malek, 1968. Accessed through: World Register of Marine Species at: https://www.marinespecies.org/aphia.php?p=taxdetails&id=1426313 on 2022-06-30"
Geomonhystera,153330,exact,Checked by Taxonomic Editor,accepted,Geomonhystera,"Andrássy, 1981",153330,Geomonhystera,"Andrássy, 1981",Animalia,Nematoda,Chromadorea,Monhysterida,Monhysteridae,Geomonhystera,,,,1,,,1,"Nemys eds. (2022). Nemys: World Database of Nematodes. Geomonhystera Andrássy, 1981. Accessed through: World Register of Marine Species at: https://www.marinespecies.org/aphia.php?p=taxdetails&id=153330 on 2022-06-30"
Globodera,1315836,exact,Checked by Taxonomic Editor,accepted,Globodera,"Skarbilovich, 1959",1315836,Globodera,"Skarbilovich, 1959",Animalia,Nematoda,Chromadorea,Rhabditida,Heteroderidae,Globodera,,,,,,,1,"Nemys eds. (2022). Nemys: World Database of Nematodes. Globodera Skarbilovich, 1959. Accessed through: World Register of Marine Species at: https://www.marinespecies.org/aphia.php?p=taxdetails&id=1315836 on 2022-06-30"
Gracilacus,1294132,exact,Checked by Taxonomic Editor,unaccepted,Gracilacus,"Raski, 1962",583003,Paratylenchus,"Micoletzky, 1922",Animalia,Nematoda,Chromadorea,Rhabditida,Tylenchulidae,Gracilacus,,,,0,0,0,1,"Nemys eds. (2022). Nemys: World Database of Nematodes. Gracilacus Raski, 1962. Accessed through: World Register of Marine Species at: https://www.marinespecies.org/aphia.php?p=taxdetails&id=1294132 on 2022-06-30"
Helicotylenchus,582936,exact,Checked by Taxonomic Editor,accepted,Helicotylenchus,"Steiner, 1945",582936,Helicotylenchus,"Steiner, 1945",Animalia,Nematoda,Chromadorea,Rhabditida,Hoplolaimidae,Helicotylenchus,,,,0,0,1,1,"Nemys eds. (2022). Nemys: World Database of Nematodes. Helicotylenchus Steiner, 1945. Accessed through: World Register of Marine Species at: https://www.marinespecies.org/aphia.php?p=taxdetails&id=582936 on 2022-06-30"
Hemicaloosia,1585030,exact,Checked by Taxonomic Editor,accepted,Hemicaloosia,"Ray & Das, 1978",1585030,,,Animalia,Nematoda,Chromadorea,Rhabditida,Hemicycliophoridae,Hemicaloosia,,,,,,,1,"Nemys eds. (2022). Nemys: World Database of Nematodes. Hemicaloosia Ray & Das, 1978. Accessed through: World Register of Marine Species at: https://www.marinespecies.org/aphia.php?p=taxdetails&id=1585030 on 2022-06-30"
Hemicriconemoides,582937,exact,Checked by Taxonomic Editor,accepted,Hemicriconemoides,"Chitwood & Birchfield, 1957",582937,Hemicriconemoides,"Chitwood & Birchfield, 1957",Animalia,Nematoda,Chromadorea,Rhabditida,Criconematidae,Hemicriconemoides,,,,0,0,1,1,"Nemys eds. (2022). Nemys: World Database of Nematodes. Hemicriconemoides Chitwood & Birchfield, 1957. Accessed through: World Register of Marine Species at: https://www.marinespecies.org/aphia.php?p=taxdetails&id=582937 on 2022-06-30"
Hemicycliophora,582938,exact,Checked by Taxonomic Editor,accepted,Hemicycliophora,"de Man, 1921",582938,Hemicycliophora,"de Man, 1921",Animalia,Nematoda,Chromadorea,Rhabditida,Hemicycliophoridae,Hemicycliophora,,,,0,0,1,1,"Nemys eds. (2022). Nemys: World Database of Nematodes. Hemicycliophora de Man, 1921. Accessed through: World Register of Marine Species at: https://www.marinespecies.org/aphia.php?p=taxdetails&id=582938 on 2022-06-30"
Heterocephalobellus,1318972,exact,Checked by Taxonomic Editor,accepted,Heterocephalobellus,"Rashid, Geraert & Sharma, 1985",1318972,Heterocephalobellus,"Rashid, Geraert & Sharma, 1985",Animalia,Nematoda,Chromadorea,Rhabditida,Cephalobidae,Heterocephalobellus,,,,0,0,0,1,"Nemys eds. (2022). Nemys: World Database of Nematodes. Heterocephalobellus Rashid, Geraert & Sharma, 1985. Accessed through: World Register of Marine Species at: https://www.marinespecies.org/aphia.php?p=taxdetails&id=1318972 on 2022-06-30"
Heterocephalobus,153392,exact,Checked by Taxonomic Editor,unaccepted,Heterocephalobus,"(Brzeski, 1960) Brzeski, 1961",1318977,Pseudacrobeles,"Steiner, 1938",Animalia,Nematoda,Chromadorea,Rhabditida,Cephalobidae,Heterocephalobus,,,,0,0,,1,"Nemys eds. (2022). Nemys: World Database of Nematodes. Heterocephalobus (Brzeski, 1960) Brzeski, 1961. Accessed through: World Register of Marine Species at: https://www.marinespecies.org/aphia.php?p=taxdetails&id=153392 on 2022-06-30"
Heterodera,1294045,exact,Checked by Taxonomic Editor,accepted,Heterodera,"Schmidt, 1871",1294045,Heterodera,"Schmidt, 1871",Animalia,Nematoda,Chromadorea,Rhabditida,Heteroderidae,Heterodera,,,,0,1,1,1,"Nemys eds. (2022). Nemys: World Database of Nematodes. Heterodera Schmidt, 1871. Accessed through: World Register of Marine Species at: https://www.marinespecies.org/aphia.php?p=taxdetails&id=1294045 on 2022-06-30"
Heterorhabditis,1537121,exact,Checked by Taxonomic Editor,accepted,Heterorhabditis,"Poinar, 1975",1537121,Heterorhabditis,"Poinar, 1975",Animalia,Nematoda,Chromadorea,Rhabditida,Rhabditidae,Heterorhabditis,,,,0,0,0,1,"Nemys eds. (2022). Nemys: World Database of Nematodes. Heterorhabditis Poinar, 1975. Accessed through: World Register of Marine Species at: https://www.marinespecies.org/aphia.php?p=taxdetails&id=1537121 on 2022-06-30"
Hirschmaniella,1060983,phonetic,Checked by Taxonomic Editor,accepted,Hirschmanniella,"Luc & Goodey, 1963",1060983,Hirschmanniella,"Luc & Goodey, 1963",Animalia,Nematoda,Chromadorea,Rhabditida,Pratylenchidae,Hirschmanniella,,,,1,1,1,1,"Nemys eds. (2022). Nemys: World Database of Nematodes. Hirschmanniella Luc & Goodey, 1963. Accessed through: World Register of Marine Species at: https://www.marinespecies.org/aphia.php?p=taxdetails&id=1060983 on 2022-06-30"
Hoplolaimus,582943,exact,Checked by Taxonomic Editor,accepted,Hoplolaimus,"Daday, 1905",582943,Hoplolaimus,"Daday, 1905",Animalia,Nematoda,Chromadorea,Rhabditida,Hoplolaimidae,Hoplolaimus,,,,0,0,0,1,"Nemys eds. (2022). Nemys: World Database of Nematodes. Hoplolaimus Daday, 1905. Accessed through: World Register of Marine Species at: https://www.marinespecies.org/aphia.php?p=taxdetails&id=582943 on 2022-06-30"
Howardula,1584984,exact,Checked by Taxonomic Editor,accepted,Howardula,"Cobb, 1921",1584984,,,Animalia,Nematoda,Chromadorea,Rhabditida,Allantonematidae,Howardula,,,,,,,1,"Nemys eds. (2022). Nemys: World Database of Nematodes. Howardula Cobb, 1921. Accessed through: World Register of Marine Species at: https://www.marinespecies.org/aphia.php?p=taxdetails&id=1584984 on 2022-06-30"
Iotonchus,582947,exact,Checked by Taxonomic Editor,accepted,Iotonchus,"Cobb, 1916",582947,Iotonchus,"Cobb, 1916",Animalia,Nematoda,Enoplea,Mononchida,Iotonchidae,Iotonchus,,,,0,,1,1,"Nemys eds. (2022). Nemys: World Database of Nematodes. Iotonchus Cobb, 1916. Accessed through: World Register of Marine Species at: https://www.marinespecies.org/aphia.php?p=taxdetails&id=582947 on 2022-06-30"
Ironus,227322,exact,Checked by Taxonomic Editor,accepted,Ironus,"Bastian, 1865",227322,Ironus,"Bastian, 1865",Animalia,Nematoda,Enoplea,Enoplida,Ironidae,Ironus,,,,0,1,1,1,"Nemys eds. (2022). Nemys: World Database of Nematodes. Ironus Bastian, 1865. Accessed through: World Register of Marine Species at: https://www.marinespecies.org/aphia.php?p=taxdetails&id=227322 on 2022-06-30"
Isolaimium,227386,exact,Checked by Taxonomic Editor,accepted,Isolaimium,"Cobb, 1920",227386,Isolaimium,"Cobb, 1920",Animalia,Nematoda,Enoplea,Isolaimida,Isolaimiidae,Isolaimium,,,,0,0,0,1,"Nemys eds. (2022). Nemys: World Database of Nematodes. Isolaimium Cobb, 1920. Accessed through: World Register of Marine Species at: https://www.marinespecies.org/aphia.php?p=taxdetails&id=227386 on 2022-06-30"
Labronema,887841,exact,Checked by Taxonomic Editor,accepted,Labronema,"Thorne, 1939",887841,Labronema,"Thorne, 1939",Animalia,Nematoda,Enoplea,Dorylaimida,Qudsianematidae,Labronema,,,,,,1,1,"Nemys eds. (2022). Nemys: World Database of Nematodes. Labronema Thorne, 1939. Accessed through: World Register of Marine Species at: https://www.marinespecies.org/aphia.php?p=taxdetails&id=887841 on 2022-06-30"
Labronemella,1294141,exact,Checked by Taxonomic Editor,accepted,Labronemella,"Andrássy, 1985",1294141,Labronemella,"Andrássy, 1985",Animalia,Nematoda,Enoplea,Dorylaimida,Qudsianematidae,Labronemella,,,,,,1,,"Nemys eds. (2022). Nemys: World Database of Nematodes. Labronemella Andrássy, 1985. Accessed through: World Register of Marine Species at: https://www.marinespecies.org/aphia.php?p=taxdetails&id=1294141 on 2022-06-30"
Laevides,1294124,exact,Checked by Taxonomic Editor,accepted,Laevides,"Heyns, 1968",1294124,Laevides,"Heyns, 1968",Animalia,Nematoda,Enoplea,Dorylaimida,Nygolaimidae,Laevides,,,,,,1,1,"Nemys eds. (2022). Nemys: World Database of Nematodes. Laevides Heyns, 1968. Accessed through: World Register of Marine Species at: https://www.marinespecies.org/aphia.php?p=taxdetails&id=1294124 on 2022-06-30"
Laimaphelenchus,1584943,exact,Checked by Taxonomic Editor,accepted,Laimaphelenchus,"Fuchs, 1937",1584943,,,Animalia,Nematoda,Chromadorea,Rhabditida,Aphelenchoididae,Laimaphelenchus,,,,,,,1,"Nemys eds. (2022). Nemys: World Database of Nematodes. Laimaphelenchus Fuchs, 1937. Accessed through: World Register of Marine Species at: https://www.marinespecies.org/aphia.php?p=taxdetails&id=1584943 on 2022-06-30"
Laimydorus,582952,exact,Checked by Taxonomic Editor,accepted,Laimydorus,"Siddiqi, 1969",582952,Laimydorus,"Siddiqi, 1969",Animalia,Nematoda,Enoplea,Dorylaimida,Dorylaimidae,Laimydorus,,,,0,0,1,1,"Nemys eds. (2022). Nemys: World Database of Nematodes. Laimydorus Siddiqi, 1969. Accessed through: World Register of Marine Species at: https://www.marinespecies.org/aphia.php?p=taxdetails&id=582952 on 2022-06-30"
Lelenchus,1061141,exact,Checked by Taxonomic Editor,accepted,Lelenchus,"Andrássy, 1954",1061141,Lelenchus,"Andrássy, 1954",Animalia,Nematoda,Chromadorea,Rhabditida,Tylenchidae,Lelenchus,,,,0,,1,1,"Nemys eds. (2022). Nemys: World Database of Nematodes. Lelenchus Andrássy, 1954. Accessed through: World Register of Marine Species at: https://www.marinespecies.org/aphia.php?p=taxdetails&id=1061141 on 2022-06-30"
Leptolaimus,2407,exact,Checked by Taxonomic Editor,accepted,Leptolaimus,"de Man, 1876",2407,Leptolaimus,"de Man, 1876",Animalia,Nematoda,Chromadorea,Plectida,Leptolaimidae,Leptolaimus,,,,1,1,,,"Nemys eds. (2022). Nemys: World Database of Nematodes. Leptolaimus de Man, 1876. Accessed through: World Register of Marine Species at: https://www.marinespecies.org/aphia.php?p=taxdetails&id=2407 on 2022-06-30"
Leptonchus,582955,exact,Checked by Taxonomic Editor,accepted,Leptonchus,"Cobb, 1920",582955,Leptonchus,"Cobb, 1920",Animalia,Nematoda,Enoplea,Dorylaimida,Leptonchidae,Leptonchus,,,,0,0,0,1,"Nemys eds. (2022). Nemys: World Database of Nematodes. Leptonchus Cobb, 1920. Accessed through: World Register of Marine Species at: https://www.marinespecies.org/aphia.php?p=taxdetails&id=582955 on 2022-06-30"
Lobocriconema,1427565,exact,Checked by Taxonomic Editor,accepted,Lobocriconema,"De Grisse & Loof, 1965",1427565,Lobocriconema,"De Grisse & Loof, 1965",Animalia,Nematoda,Chromadorea,Rhabditida,Criconematidae,Lobocriconema,,,,0,0,,1,"Nemys eds. (2022). Nemys: World Database of Nematodes. Lobocriconema De Grisse & Loof, 1965. Accessed through: World Register of Marine Species at: https://www.marinespecies.org/aphia.php?p=taxdetails&id=1427565 on 2022-06-30"
Longidorella,932412,exact,Checked by Taxonomic Editor,accepted,Longidorella,"Thorne, 1939",932412,Longidorella,"Thorne, 1939",Animalia,Nematoda,Enoplea,Dorylaimida,Nordiidae,Longidorella,,,,0,,1,1,"Nemys eds. (2022). Nemys: World Database of Nematodes. Longidorella Thorne, 1939. Accessed through: World Register of Marine Species at: https://www.marinespecies.org/aphia.php?p=taxdetails&id=932412 on 2022-06-30"
Longidorus,1294053,exact,Checked by Taxonomic Editor,accepted,Longidorus,"Micoletzky, 1922",1294053,Longidorus,"Micoletzky, 1922",Animalia,Nematoda,Enoplea,Dorylaimida,Longidoridae,Longidorus,,,,,,0,1,"Nemys eds. (2022). Nemys: World Database of Nematodes. Longidorus Micoletzky, 1922. Accessed through: World Register of Marine Species at: https://www.marinespecies.org/aphia.php?p=taxdetails&id=1294053 on 2022-06-30"
Lordellonema,582956,exact,Checked by Taxonomic Editor,accepted,Lordellonema,"Andrássy, 1960",582956,Lordellonema,"Andrássy, 1960",Animalia,Nematoda,Enoplea,Dorylaimida,Qudsianematidae,Lordellonema,,,,0,0,0,1,"Nemys eds. (2022). Nemys: World Database of Nematodes. Lordellonema Andrássy, 1960. Accessed through: World Register of Marine Species at: https://www.marinespecies.org/aphia.php?p=taxdetails&id=582956 on 2022-06-30"
Macroposthonia,1061027,exact,Checked by Taxonomic Editor,unaccepted,Macroposthonia,"de Man, 1880",1061007,Mesocriconema,"Andrássy, 1965",Animalia,Nematoda,Chromadorea,Rhabditida,Criconematidae,Macroposthonia,,,,0,0,,1,"Nemys eds. (2022). Nemys: World Database of Nematodes. Macroposthonia de Man, 1880. Accessed through: World Register of Marine Species at: https://www.marinespecies.org/aphia.php?p=taxdetails&id=1061027 on 2022-06-30"
Malenchus,1061119,exact,Checked by Taxonomic Editor,accepted,Malenchus,"Andrássy, 1968",1061119,Malenchus,"Andrássy, 1968",Animalia,Nematoda,Chromadorea,Rhabditida,Tylenchidae,Malenchus,,,,0,,1,1,"Nemys eds. (2022). Nemys: World Database of Nematodes. Malenchus Andrássy, 1968. Accessed through: World Register of Marine Species at: https://www.marinespecies.org/aphia.php?p=taxdetails&id=1061119 on 2022-06-30"
Meloidogyne,1294055,exact,Checked by Taxonomic Editor,accepted,Meloidogyne,"Goeldi, 1892",1294055,Meloidogyne,"Goeldi, 1892",Animalia,Nematoda,Chromadorea,Rhabditida,Meloidogynidae,Meloidogyne,,,,,,1,1,"Nemys eds. (2022). Nemys: World Database of Nematodes. Meloidogyne Goeldi, 1892. Accessed through: World Register of Marine Species at: https://www.marinespecies.org/aphia.php?p=taxdetails&id=1294055 on 2022-06-30"
Merlinius,1323907,exact,Checked by Taxonomic Editor,unaccepted,Merlinius,"Siddiqi, 1979",1294154,Scutylenchus,"Jairajpuri, 1971",Animalia,Nematoda,Chromadorea,Rhabditida,Dolichodoridae,Merlinius,,,,0,0,,1,"Nemys eds. (2022). Nemys: World Database of Nematodes. Merlinius Siddiqi, 1979. Accessed through: World Register of Marine Species at: https://www.marinespecies.org/aphia.php?p=taxdetails&id=1323907 on 2022-06-30"
Mermis,1294087,exact,Checked by Taxonomic Editor,accepted,Mermis,"Dujardin, 1842",1294087,Mermis,"Dujardin, 1842",Animalia,Nematoda,Enoplea,Mermithida,Mermithidae,Mermis,,,,,,1,1,"Nemys eds. (2022). Nemys: World Database of Nematodes. Mermis Dujardin, 1842. Accessed through: World Register of Marine Species at: https://www.marinespecies.org/aphia.php?p=taxdetails&id=1294087 on 2022-06-30"
Mesocriconema,1061007,exact,Checked by Taxonomic Editor,accepted,Mesocriconema,"Andrássy, 1965",1061007,Mesocriconema,"Andrássy, 1965",Animalia,Nematoda,Chromadorea,Rhabditida,Criconematidae,Mesocriconema,,,,0,0,1,1,"Nemys eds. (2022). Nemys: World Database of Nematodes. Mesocriconema Andrássy, 1965. Accessed through: World Register of Marine Species at: https://www.marinespecies.org/aphia.php?p=taxdetails&id=1061007 on 2022-06-30"
Mesodorylaimus,153386,exact,Checked by Taxonomic Editor,accepted,Mesodorylaimus,"Andrássy, 1959",153386,Mesodorylaimus,"Andrássy, 1959",Animalia,Nematoda,Enoplea,Dorylaimida,Dorylaimidae,Mesodorylaimus,,,,1,,1,1,"Nemys eds. (2022). Nemys: World Database of Nematodes. Mesodorylaimus Andrássy, 1959. Accessed through: World Register of Marine Species at: https://www.marinespecies.org/aphia.php?p=taxdetails&id=153386 on 2022-06-30"
Mesorhabditis,582964,exact,Checked by Taxonomic Editor,accepted,Mesorhabditis,"Osche, 1952",582964,Mesorhabditis,"Osche, 1952",Animalia,Nematoda,Chromadorea,Rhabditida,Rhabditidae,Mesorhabditis,,,,0,1,0,1,"Nemys eds. (2022). Nemys: World Database of Nematodes. Mesorhabditis Osche, 1952. Accessed through: World Register of Marine Species at: https://www.marinespecies.org/aphia.php?p=taxdetails&id=582964 on 2022-06-30"
Metateratocephalus,868981,exact,Checked by Taxonomic Editor,accepted,Metateratocephalus,"Eroshenko, 1973",868981,Metateratocephalus,"Eroshenko, 1973",Animalia,Nematoda,Chromadorea,Plectida,Metateratocephalidae,Metateratocephalus,,,,0,0,1,1,"Nemys eds. (2022). Nemys: World Database of Nematodes. Metateratocephalus Eroshenko, 1973. Accessed through: World Register of Marine Species at: https://www.marinespecies.org/aphia.php?p=taxdetails&id=868981 on 2022-06-30"
Miconchus,582966,exact,Checked by Taxonomic Editor,accepted,Miconchus,"Andrássy, 1958",582966,Miconchus,"Andrássy, 1958",Animalia,Nematoda,Enoplea,Mononchida,Mononchidae,Miconchus,,,,,,1,1,"Nemys eds. (2022). Nemys: World Database of Nematodes. Miconchus Andrássy, 1958. Accessed through: World Register of Marine Species at: https://www.marinespecies.org/aphia.php?p=taxdetails&id=582966 on 2022-06-30"
Microdorylaimus,932414,exact,Checked by Taxonomic Editor,accepted,Microdorylaimus,"Andrássy, 1986",932414,Microdorylaimus,"Andrássy, 1986",Animalia,Nematoda,Enoplea,Dorylaimida,Qudsianematidae,Microdorylaimus,,,,0,,1,1,"Nemys eds. (2022). Nemys: World Database of Nematodes. Microdorylaimus Andrássy, 1986. Accessed through: World Register of Marine Species at: https://www.marinespecies.org/aphia.php?p=taxdetails&id=932414 on 2022-06-30"
Monhystera,2447,exact,Checked by Taxonomic Editor,accepted,Monhystera,"Bastian, 1865",2447,Monhystera,"Bastian, 1865",Animalia,Nematoda,Chromadorea,Monhysterida,Monhysteridae,Monhystera,,,,1,1,1,1,"Nemys eds. (2022). Nemys: World Database of Nematodes. Monhystera Bastian, 1865. Accessed through: World Register of Marine Species at: https://www.marinespecies.org/aphia.php?p=taxdetails&id=2447 on 2022-06-30"
Mononchus,227422,exact,Checked by Taxonomic Editor,accepted,Mononchus,"Bastian, 1865",227422,Mononchus,"Bastian, 1865",Animalia,Nematoda,Enoplea,Mononchida,Mononchidae,Mononchus,,,,,1,1,1,"Nemys eds. (2022). Nemys: World Database of Nematodes. Mononchus Bastian, 1865. Accessed through: World Register of Marine Species at: https://www.marinespecies.org/aphia.php?p=taxdetails&id=227422 on 2022-06-30"
Mylonchulus,582976,exact,Checked by Taxonomic Editor,accepted,Mylonchulus,"Cobb, 1916",582976,Mylonchulus,"Cobb, 1916",Animalia,Nematoda,Enoplea,Mononchida,Mylonchulidae,Mylonchulus,,,,,,1,1,"Nemys eds. (2022). Nemys: World Database of Nematodes. Mylonchulus Cobb, 1916. Accessed through: World Register of Marine Species at: https://www.marinespecies.org/aphia.php?p=taxdetails&id=582976 on 2022-06-30"
Nacobbus,1318212,exact,Checked by Taxonomic Editor,accepted,Nacobbus,"Thorne & Allen, 1944",1318212,Nacobbus,"Thorne & Allen, 1944",Animalia,Nematoda,Chromadorea,Rhabditida,Pratylenchidae,Nacobbus,,,,0,0,0,1,"Nemys eds. (2022). Nemys: World Database of Nematodes. Nacobbus Thorne & Allen, 1944. Accessed through: World Register of Marine Species at: https://www.marinespecies.org/aphia.php?p=taxdetails&id=1318212 on 2022-06-30"
Nagelus,1294152,exact,Checked by Taxonomic Editor,accepted,Nagelus,"Thorne & Malek, 1968",1294152,Nagelus,"Thorne & Malek, 1968",Animalia,Nematoda,Chromadorea,Rhabditida,Dolichodoridae,Nagelus,,,,0,0,,1,"Nemys eds. (2022). Nemys: World Database of Nematodes. Nagelus Thorne & Malek, 1968. Accessed through: World Register of Marine Species at: https://www.marinespecies.org/aphia.php?p=taxdetails&id=1294152 on 2022-06-30"
Neoactinolaimus,1293988,exact,Checked by Taxonomic Editor,accepted,Neoactinolaimus,"Thorne, 1967",1293988,Neoactinolaimus,"Thorne, 1967",Animalia,Nematoda,Enoplea,Dorylaimida,Actinolaimidae,Neoactinolaimus,,,,0,0,1,1,"Nemys eds. (2022). Nemys: World Database of Nematodes. Neoactinolaimus Thorne, 1967. Accessed through: World Register of Marine Species at: https://www.marinespecies.org/aphia.php?p=taxdetails&id=1293988 on 2022-06-30"
Neodolichorhynchus,1294153,exact,Checked by Taxonomic Editor,accepted,Neodolichorhynchus,"Jairajpuri & Hunt, 1984",1294153,Neodolichorhynchus,"Jairajpuri & Hunt, 1984",Animalia,Nematoda,Chromadorea,Rhabditida,Telotylenchidae,Neodolichorhynchus,,,,0,0,,1,"Nemys eds. (2022). Nemys: World Database of Nematodes. Neodolichorhynchus Jairajpuri & Hunt, 1984. Accessed through: World Register of Marine Species at: https://www.marinespecies.org/aphia.php?p=taxdetails&id=1294153 on 2022-06-30"
Neolobocriconema,1427566,exact,Checked by Taxonomic Editor,accepted,Neolobocriconema,"Mehta & Raski, 1971",1427566,Neolobocriconema,"Mehta & Raski, 1971",Animalia,Nematoda,Chromadorea,Rhabditida,Criconematidae,Neolobocriconema,,,,0,0,,1,"Nemys eds. (2022). Nemys: World Database of Nematodes. Neolobocriconema Mehta & Raski, 1971. Accessed through: World Register of Marine Species at: https://www.marinespecies.org/aphia.php?p=taxdetails&id=1427566 on 2022-06-30"
Neopsilenchus,1294163,exact,Checked by Taxonomic Editor,accepted,Neopsilenchus,"Thorne & Malek, 1968",1294163,Neopsilenchus,"Thorne & Malek, 1968",Animalia,Nematoda,Chromadorea,Rhabditida,Tylenchidae,Neopsilenchus,,,,0,,,1,"Nemys eds. (2022). Nemys: World Database of Nematodes. Neopsilenchus Thorne & Malek, 1968. Accessed through: World Register of Marine Species at: https://www.marinespecies.org/aphia.php?p=taxdetails&id=1294163 on 2022-06-30"
Nothocriconemoides,1427596,exact,Checked by Taxonomic Editor,accepted,Nothocriconemoides,"Maas, Loof & De Grisse, 1971",1427596,Nothocriconemoides,"Maas, Loof & De Grisse, 1971",Animalia,Nematoda,Chromadorea,Rhabditida,Criconematidae,Nothocriconemoides,,,,0,0,,1,"Nemys eds. (2022). Nemys: World Database of Nematodes. Nothocriconemoides Maas, Loof & De Grisse, 1971. Accessed through: World Register of Marine Species at: https://www.marinespecies.org/aphia.php?p=taxdetails&id=1427596 on 2022-06-30"
Nothotylenchus,582983,exact,Checked by Taxonomic Editor,accepted,Nothotylenchus,"Thorne, 1941",582983,Nothotylenchus,"Thorne, 1941",Animalia,Nematoda,Chromadorea,Rhabditida,Anguinidae,Nothotylenchus,,,,0,,1,1,"Nemys eds. (2022). Nemys: World Database of Nematodes. Nothotylenchus Thorne, 1941. Accessed through: World Register of Marine Species at: https://www.marinespecies.org/aphia.php?p=taxdetails&id=582983 on 2022-06-30"
Nygolaimellus,582987,exact,Checked by Taxonomic Editor,accepted,Nygolaimellus,"Loos, 1949",582987,Nygolaimellus,"Loos, 1949",Animalia,Nematoda,Enoplea,Dorylaimida,Nygolaimellidae,Nygolaimellus,,,,0,0,0,1,"Nemys eds. (2022). Nemys: World Database of Nematodes. Nygolaimellus Loos, 1949. Accessed through: World Register of Marine Species at: https://www.marinespecies.org/aphia.php?p=taxdetails&id=582987 on 2022-06-30"
Nygolaimus,582988,exact,Checked by Taxonomic Editor,accepted,Nygolaimus,"Cobb, 1913",582988,Nygolaimus,"Cobb, 1913",Animalia,Nematoda,Enoplea,Dorylaimida,Nygolaimidae,Nygolaimus,,,,0,0,1,1,"Nemys eds. (2022). Nemys: World Database of Nematodes. Nygolaimus Cobb, 1913. Accessed through: World Register of Marine Species at: https://www.marinespecies.org/aphia.php?p=taxdetails&id=582988 on 2022-06-30"
Odontolaimus,227288,exact,Checked by Taxonomic Editor,accepted,Odontolaimus,"de Man, 1880",227288,Odontolaimus,"de Man, 1880",Animalia,Nematoda,Enoplea,Triplonchida,Odontolaimidae,Odontolaimus,,,,,,1,1,"Nemys eds. (2022). Nemys: World Database of Nematodes. Odontolaimus de Man, 1880. Accessed through: World Register of Marine Species at: https://www.marinespecies.org/aphia.php?p=taxdetails&id=227288 on 2022-06-30"
Ogma,582990,exact,Checked by Taxonomic Editor,accepted,Ogma,"Southern, 1914",582990,Ogma,"Southern, 1914",Animalia,Nematoda,Chromadorea,Rhabditida,Criconematidae,Ogma,,,,0,0,1,1,"Nemys eds. (2022). Nemys: World Database of Nematodes. Ogma Southern, 1914. Accessed through: World Register of Marine Species at: https://www.marinespecies.org/aphia.php?p=taxdetails&id=582990 on 2022-06-30"
Oriverutus,1335800,exact,Checked by Taxonomic Editor,accepted,Oriverutus,"Siddiqi, 1971",1335800,Oriverutus,"Siddiqi, 1971",Animalia,Nematoda,Enoplea,Dorylaimida,Encholaimidae,Oriverutus,,,,0,0,0,1,"Nemys eds. (2022). Nemys: World Database of Nematodes. Oriverutus Siddiqi, 1971. Accessed through: World Register of Marine Species at: https://www.marinespecies.org/aphia.php?p=taxdetails&id=1335800 on 2022-06-30"
Oxydirus,582993,exact,Checked by Taxonomic Editor,accepted,Oxydirus,"Thorne, 1939",582993,Oxydirus,"Thorne, 1939",Animalia,Nematoda,Enoplea,Dorylaimida,Belondiridae,Oxydirus,,,,0,0,0,1,"Nemys eds. (2022). Nemys: World Database of Nematodes. Oxydirus Thorne, 1939. Accessed through: World Register of Marine Species at: https://www.marinespecies.org/aphia.php?p=taxdetails&id=582993 on 2022-06-30"
Panagrolaimus,153395,exact,Checked by Taxonomic Editor,accepted,Panagrolaimus,"Fuchs, 1930",153395,Panagrolaimus,"Fuchs, 1930",Animalia,Nematoda,Chromadorea,Rhabditida,Panagrolaimidae,Panagrolaimus,,,,0,1,1,1,"Nemys eds. (2022). Nemys: World Database of Nematodes. Panagrolaimus Fuchs, 1930. Accessed through: World Register of Marine Species at: https://www.marinespecies.org/aphia.php?p=taxdetails&id=153395 on 2022-06-30"
Paractinolaimus,582998,exact,Checked by Taxonomic Editor,accepted,Paractinolaimus,"Meyl, 1957",582998,Paractinolaimus,"Meyl, 1957",Animalia,Nematoda,Enoplea,Dorylaimida,Actinolaimidae,Paractinolaimus,,,,0,0,1,1,"Nemys eds. (2022). Nemys: World Database of Nematodes. Paractinolaimus Meyl, 1957. Accessed through: World Register of Marine Species at: https://www.marinespecies.org/aphia.php?p=taxdetails&id=582998 on 2022-06-30"
Paracyatholaimus,2322,exact,Checked by Taxonomic Editor,accepted,Paracyatholaimus,"Micoletzky, 1922",2322,Paracyatholaimus,"Micoletzky, 1922",Animalia,Nematoda,Chromadorea,Chromadorida,Cyatholaimidae,Paracyatholaimus,,,,1,1,1,0,"Nemys eds. (2022). Nemys: World Database of Nematodes. Paracyatholaimus Micoletzky, 1922. Accessed through: World Register of Marine Species at: https://www.marinespecies.org/aphia.php?p=taxdetails&id=2322 on 2022-06-30"
Paraphelenchus,583000,exact,Checked by Taxonomic Editor,accepted,Paraphelenchus,"Micoletzky, 1922",583000,Paraphelenchus,"Micoletzky, 1922",Animalia,Nematoda,Chromadorea,Rhabditida,Aphelenchidae,Paraphelenchus,,,,0,0,0,1,"Nemys eds. (2022). Nemys: World Database of Nematodes. Paraphelenchus Micoletzky, 1922. Accessed through: World Register of Marine Species at: https://www.marinespecies.org/aphia.php?p=taxdetails&id=583000 on 2022-06-30"
Paratrophurus,1426321,exact,Checked by Taxonomic Editor,accepted,Paratrophurus,"Arias, 1970",1426321,Paratrophurus,"Arias, 1970",Animalia,Nematoda,Chromadorea,Rhabditida,Dolichodoridae,Paratrophurus,,,,0,0,,1,"Nemys eds. (2022). Nemys: World Database of Nematodes. Paratrophurus Arias, 1970. Accessed through: World Register of Marine Species at: https://www.marinespecies.org/aphia.php?p=taxdetails&id=1426321 on 2022-06-30"
Paratylenchus,583003,exact,Checked by Taxonomic Editor,accepted,Paratylenchus,"Micoletzky, 1922",583003,Paratylenchus,"Micoletzky, 1922",Animalia,Nematoda,Chromadorea,Rhabditida,Tylenchulidae,Paratylenchus,,,,0,0,0,1,"Nemys eds. (2022). Nemys: World Database of Nematodes. Paratylenchus Micoletzky, 1922. Accessed through: World Register of Marine Species at: https://www.marinespecies.org/aphia.php?p=taxdetails&id=583003 on 2022-06-30"
Paravulvus,1294126,exact,Checked by Taxonomic Editor,accepted,Paravulvus,"Heyns, 1968",1294126,Paravulvus,"Heyns, 1968",Animalia,Nematoda,Enoplea,Dorylaimida,Nygolaimidae,Paravulvus,,,,,,1,1,"Nemys eds. (2022). Nemys: World Database of Nematodes. Paravulvus Heyns, 1968. Accessed through: World Register of Marine Species at: https://www.marinespecies.org/aphia.php?p=taxdetails&id=1294126 on 2022-06-30"
Pellioditis,153397,exact,Checked by Taxonomic Editor,accepted,Pellioditis,"(Dougherty, 1953) Timm, 1960",153397,Pellioditis,"(Dougherty, 1953) Timm, 1960",Animalia,Nematoda,Chromadorea,Rhabditida,Rhabditidae,Pellioditis,,,,1,1,1,1,"Nemys eds. (2022). Nemys: World Database of Nematodes. Pellioditis (Dougherty, 1953) Timm, 1960. Accessed through: World Register of Marine Species at: https://www.marinespecies.org/aphia.php?p=taxdetails&id=153397 on 2022-06-30"
Plectus,227271,exact,Checked by Taxonomic Editor,accepted,Plectus,"Bastian, 1865",227271,Plectus,"Bastian, 1865",Animalia,Nematoda,Chromadorea,Plectida,Plectidae,Plectus,,,,0,0,1,1,"Nemys eds. (2022). Nemys: World Database of Nematodes. Plectus Bastian, 1865. Accessed through: World Register of Marine Species at: https://www.marinespecies.org/aphia.php?p=taxdetails&id=227271 on 2022-06-30"
Polenchus,1323096,exact,Checked by Taxonomic Editor,accepted,Polenchus,"Andrássy, 1980",1323096,Polenchus,"Andrássy, 1980",Animalia,Nematoda,Chromadorea,Rhabditida,Tylenchidae,Polenchus,,,,0,,,1,"Nemys eds. (2022). Nemys: World Database of Nematodes. Polenchus Andrássy, 1980. Accessed through: World Register of Marine Species at: https://www.marinespecies.org/aphia.php?p=taxdetails&id=1323096 on 2022-06-30"
Prionchulus,583012,exact,Checked by Taxonomic Editor,accepted,Prionchulus,"Cobb, 1916",583012,Prionchulus,"Cobb, 1916",Animalia,Nematoda,Enoplea,Mononchida,Mononchidae,Prionchulus,,,,,1,1,1,"Nemys eds. (2022). Nemys: World Database of Nematodes. Prionchulus Cobb, 1916. Accessed through: World Register of Marine Species at: https://www.marinespecies.org/aphia.php?p=taxdetails&id=583012 on 2022-06-30"
Prismatolaimus,227287,exact,Checked by Taxonomic Editor,accepted,Prismatolaimus,"de Man, 1880",227287,Prismatolaimus,"de Man, 1880",Animalia,Nematoda,Enoplea,Triplonchida,Prismatolaimidae,Prismatolaimus,,,,0,1,1,1,"Nemys eds. (2022). Nemys: World Database of Nematodes. Prismatolaimus de Man, 1880. Accessed through: World Register of Marine Species at: https://www.marinespecies.org/aphia.php?p=taxdetails&id=227287 on 2022-06-30"
Pristionchus,1296322,exact,Checked by Taxonomic Editor,accepted,Pristionchus,"Kreis, 1932",1296322,Pristionchus,"Kreis, 1932",Animalia,Nematoda,Chromadorea,Rhabditida,Diplogastridae,Pristionchus,,,,,,1,1,"Nemys eds. (2022). Nemys: World Database of Nematodes. Pristionchus Kreis, 1932. Accessed through: World Register of Marine Species at: https://www.marinespecies.org/aphia.php?p=taxdetails&id=1296322 on 2022-06-30"
Prodontorhabditis,583014,exact,Checked by Taxonomic Editor,accepted,Prodontorhabditis,"Timm, 1961",583014,Prodontorhabditis,"Timm, 1961",Animalia,Nematoda,Chromadorea,Rhabditida,Rhabditidae,Prodontorhabditis,,,,0,1,0,1,"Nemys eds. (2022). Nemys: World Database of Nematodes. Prodontorhabditis Timm, 1961. Accessed through: World Register of Marine Species at: https://www.marinespecies.org/aphia.php?p=taxdetails&id=583014 on 2022-06-30"
Prodorylaimus,583015,exact,Checked by Taxonomic Editor,accepted,Prodorylaimus,"Andrássy, 1959",583015,Prodorylaimus,"Andrássy, 1959",Animalia,Nematoda,Enoplea,Dorylaimida,Dorylaimidae,Prodorylaimus,,,,0,0,1,1,"Nemys eds. (2022). Nemys: World Database of Nematodes. Prodorylaimus Andrássy, 1959. Accessed through: World Register of Marine Species at: https://www.marinespecies.org/aphia.php?p=taxdetails&id=583015 on 2022-06-30"
Protorhabditis,850505,exact,Checked by Taxonomic Editor,accepted,Protorhabditis,"Osche in Dougherty, 1955",850505,Protorhabditis,"Osche in Dougherty, 1955",Animalia,Nematoda,Chromadorea,Rhabditida,Rhabditidae,Protorhabditis,,,,0,1,0,1,"Nemys eds. (2022). Nemys: World Database of Nematodes. Protorhabditis Osche in Dougherty, 1955. Accessed through: World Register of Marine Species at: https://www.marinespecies.org/aphia.php?p=taxdetails&id=850505 on 2022-06-30"
Pseudodiplogasteroides,1296323,exact,Checked by Taxonomic Editor,accepted,Pseudodiplogasteroides,"Körner, 1954",1296323,Pseudodiplogasteroides,"Körner, 1954",Animalia,Nematoda,Chromadorea,Rhabditida,Diplogastridae,Pseudodiplogasteroides,,,,,,1,1,"Nemys eds. (2022). Nemys: World Database of Nematodes. Pseudodiplogasteroides Körner, 1954. Accessed through: World Register of Marine Species at: https://www.marinespecies.org/aphia.php?p=taxdetails&id=1296323 on 2022-06-30"
Psilenchus,583021,exact,Checked by Taxonomic Editor,accepted,Psilenchus,"de Man, 1921",583021,Psilenchus,"de Man, 1921",Animalia,Nematoda,Chromadorea,Rhabditida,Tylenchidae,Psilenchus,,,,0,0,1,1,"Nemys eds. (2022). Nemys: World Database of Nematodes. Psilenchus de Man, 1921. Accessed through: World Register of Marine Species at: https://www.marinespecies.org/aphia.php?p=taxdetails&id=583021 on 2022-06-30"
Punctodera,1315839,exact,Checked by Taxonomic Editor,accepted,Punctodera,"Mulvey & Stone, 1976",1315839,Punctodera,"Mulvey & Stone, 1976",Animalia,Nematoda,Chromadorea,Rhabditida,Heteroderidae,Punctodera,,,,,,,1,"Nemys eds. (2022). Nemys: World Database of Nematodes. Punctodera Mulvey & Stone, 1976. Accessed through: World Register of Marine Species at: https://www.marinespecies.org/aphia.php?p=taxdetails&id=1315839 on 2022-06-30"
Pungentus,583024,exact,Checked by Taxonomic Editor,accepted,Pungentus,"Thorne & Swanger, 1936",583024,Pungentus,"Thorne & Swanger, 1936",Animalia,Nematoda,Enoplea,Dorylaimida,Nordiidae,Pungentus,,,,0,0,1,1,"Nemys eds. (2022). Nemys: World Database of Nematodes. Pungentus Thorne & Swanger, 1936. Accessed through: World Register of Marine Species at: https://www.marinespecies.org/aphia.php?p=taxdetails&id=583024 on 2022-06-30"
Quinisulcius,1426320,exact,Checked by Taxonomic Editor,accepted,Quinisulcius,"Siddiqi, 1971",1426320,Quinisulcius,"Siddiqi, 1971",Animalia,Nematoda,Chromadorea,Rhabditida,Dolichodoridae,Quinisulcius,,,,0,0,,1,"Nemys eds. (2022). Nemys: World Database of Nematodes. Quinisulcius Siddiqi, 1971. Accessed through: World Register of Marine Species at: https://www.marinespecies.org/aphia.php?p=taxdetails&id=1426320 on 2022-06-30"
Rhabditella,1294146,exact,Checked by Taxonomic Editor,accepted,Rhabditella,"(Cobb, 1929) Chitwood, 1933",1294146,Rhabditella,"(Cobb, 1929) Chitwood, 1933",Animalia,Nematoda,Chromadorea,Rhabditida,Rhabditidae,Rhabditella,,,,0,0,0,1,"Nemys eds. (2022). Nemys: World Database of Nematodes. Rhabditella (Cobb, 1929) Chitwood, 1933. Accessed through: World Register of Marine Species at: https://www.marinespecies.org/aphia.php?p=taxdetails&id=1294146 on 2022-06-30"
Rhabditis,2595,exact,Checked by Taxonomic Editor,accepted,Rhabditis,"Dujardin, 1844",2595,Rhabditis,"Dujardin, 1844",Animalia,Nematoda,Chromadorea,Rhabditida,Rhabditidae,Rhabditis,,,,1,1,1,1,"Nemys eds. (2022). Nemys: World Database of Nematodes. Rhabditis Dujardin, 1844. Accessed through: World Register of Marine Species at: https://www.marinespecies.org/aphia.php?p=taxdetails&id=2595 on 2022-06-30"
Rhabditoides,1294147,exact,Checked by Taxonomic Editor,accepted,Rhabditoides,"T. Goodey, 1929",1294147,Rhabditoides,"T. Goodey, 1929",Animalia,Nematoda,Chromadorea,Rhabditida,Rhabditidae,Rhabditoides,,,,0,0,0,1,"Nemys eds. (2022). Nemys: World Database of Nematodes. Rhabditoides T. Goodey, 1929. Accessed through: World Register of Marine Species at: https://www.marinespecies.org/aphia.php?p=taxdetails&id=1294147 on 2022-06-30"
Rhabditonema,1537341,exact,Checked by Taxonomic Editor,accepted,Rhabditonema,"Körner, 1954",1537341,Rhabditonema,"Körner, 1954",Animalia,Nematoda,Chromadorea,Rhabditida,Rhabditidae,Rhabditonema,,,,0,0,0,1,"Nemys eds. (2022). Nemys: World Database of Nematodes. Rhabditonema Körner, 1954. Accessed through: World Register of Marine Species at: https://www.marinespecies.org/aphia.php?p=taxdetails&id=1537341 on 2022-06-30"
Rhabdolaimus,227290,exact,Checked by Taxonomic Editor,accepted,Rhabdolaimus,"de Man, 1880",227290,Rhabdolaimus,"de Man, 1880",Animalia,Nematoda,Enoplea,Enoplida,Rhabdolaimidae,Rhabdolaimus,,,,0,0,1,1,"Nemys eds. (2022). Nemys: World Database of Nematodes. Rhabdolaimus de Man, 1880. Accessed through: World Register of Marine Species at: https://www.marinespecies.org/aphia.php?p=taxdetails&id=227290 on 2022-06-30"
Rotylenchulus,1294148,exact,Checked by Taxonomic Editor,accepted,Rotylenchulus,"Linford & Oliveira, 1940",1294148,Rotylenchulus,"Linford & Oliveira, 1940",Animalia,Nematoda,Chromadorea,Rhabditida,Rotylenchulidae,Rotylenchulus,,,,,,,1,"Nemys eds. (2022). Nemys: World Database of Nematodes. Rotylenchulus Linford & Oliveira, 1940. Accessed through: World Register of Marine Species at: https://www.marinespecies.org/aphia.php?p=taxdetails&id=1294148 on 2022-06-30"
Sakia,1323077,exact,Checked by Taxonomic Editor,accepted,Sakia,"Khan, 1964",1323077,Sakia,"Khan, 1964",Animalia,Nematoda,Chromadorea,Rhabditida,Tylenchidae,Sakia,,,,0,,,1,"Nemys eds. (2022). Nemys: World Database of Nematodes. Sakia Khan, 1964. Accessed through: World Register of Marine Species at: https://www.marinespecies.org/aphia.php?p=taxdetails&id=1323077 on 2022-06-30"
Sauertylenchus,1426319,exact,Checked by Taxonomic Editor,accepted,Sauertylenchus,"Sher, 1974",1426319,Sauertylenchus,"Sher, 1974",Animalia,Nematoda,Chromadorea,Rhabditida,Dolichodoridae,Sauertylenchus,,,,0,0,,1,"Nemys eds. (2022). Nemys: World Database of Nematodes. Sauertylenchus Sher, 1974. Accessed through: World Register of Marine Species at: https://www.marinespecies.org/aphia.php?p=taxdetails&id=1426319 on 2022-06-30"
Sectonema,1294020,exact,Checked by Taxonomic Editor,accepted,Sectonema,"Thorne, 1930",1294020,Sectonema,"Thorne, 1930",Animalia,Nematoda,Enoplea,Dorylaimida,Aporcelaimidae,Sectonema,,,,,,1,1,"Nemys eds. (2022). Nemys: World Database of Nematodes. Sectonema Thorne, 1930. Accessed through: World Register of Marine Species at: https://www.marinespecies.org/aphia.php?p=taxdetails&id=1294020 on 2022-06-30"
Seinura,1294149,exact,Checked by Taxonomic Editor,accepted,Seinura,"Fuchs, 1931",1294149,Seinura,"Fuchs, 1931",Animalia,Nematoda,Chromadorea,Rhabditida,Aphelenchoididae,Seinura,,,,,,1,1,"Nemys eds. (2022). Nemys: World Database of Nematodes. Seinura Fuchs, 1931. Accessed through: World Register of Marine Species at: https://www.marinespecies.org/aphia.php?p=taxdetails&id=1294149 on 2022-06-30"
Solididens,1294127,exact,Checked by Taxonomic Editor,accepted,Solididens,"Heyns, 1968",1294127,Solididens,"Heyns, 1968",Animalia,Nematoda,Enoplea,Dorylaimida,Nygolaimidae,Solididens,,,,,,1,,"Nemys eds. (2022). Nemys: World Database of Nematodes. Solididens Heyns, 1968. Accessed through: World Register of Marine Species at: https://www.marinespecies.org/aphia.php?p=taxdetails&id=1294127 on 2022-06-30"
Sporonchulus,583036,exact,Checked by Taxonomic Editor,accepted,Sporonchulus,"(Cobb, 1917)",583036,Sporonchulus,"(Cobb, 1917)",Animalia,Nematoda,Enoplea,Mononchida,Mononchidae,Sporonchulus,,,,,,,1,"Nemys eds. (2022). Nemys: World Database of Nematodes. Sporonchulus (Cobb, 1917). Accessed through: World Register of Marine Species at: https://www.marinespecies.org/aphia.php?p=taxdetails&id=583036 on 2022-06-30"
Steinernema,1299350,exact,Checked by Taxonomic Editor,accepted,Steinernema,"Travassos, 1927",1299350,Steinernema,"Travassos, 1927",Animalia,Nematoda,Chromadorea,Rhabditida,Steinernematidae,Steinernema,,,,,,,1,"Nemys eds. (2022). Nemys: World Database of Nematodes. Steinernema Travassos, 1927. Accessed through: World Register of Marine Species at: https://www.marinespecies.org/aphia.php?p=taxdetails&id=1299350 on 2022-06-30"
Subanguina,1584975,exact,Checked by Taxonomic Editor,accepted,Subanguina,"Paramonov, 1967",1584975,,,Animalia,Nematoda,Chromadorea,Rhabditida,Anguinidae,Subanguina,,,,,,,1,"Nemys eds. (2022). Nemys: World Database of Nematodes. Subanguina Paramonov, 1967. Accessed through: World Register of Marine Species at: https://www.marinespecies.org/aphia.php?p=taxdetails&id=1584975 on 2022-06-30"
Sychnotylenchus,1585027,exact,Checked by Taxonomic Editor,accepted,Sychnotylenchus,"Ruehm, 1956",1585027,,,Animalia,Nematoda,Chromadorea,Rhabditida,Sychnotylenchidae,Sychnotylenchus,,,,,,,1,"Nemys eds. (2022). Nemys: World Database of Nematodes. Sychnotylenchus Ruehm, 1956. Accessed through: World Register of Marine Species at: https://www.marinespecies.org/aphia.php?p=taxdetails&id=1585027 on 2022-06-30"
Takamangai,1479873,exact,Checked by Taxonomic Editor,unaccepted,Takamangai,"Yeates, 1967",582853,Aporcelaimellus,"Heyns, 1965",Animalia,Nematoda,Enoplea,Dorylaimida,Aporcelaimidae,Takamangai,,,,0,0,1,1,"Nemys eds. (2022). Nemys: World Database of Nematodes. Takamangai Yeates, 1967. Accessed through: World Register of Marine Species at: https://www.marinespecies.org/aphia.php?p=taxdetails&id=1479873 on 2022-06-30"
Teratocephalus,227279,exact,Checked by Taxonomic Editor,accepted,Teratocephalus,"de Man, 1876",227279,Teratocephalus,"de Man, 1876",Animalia,Nematoda,Chromadorea,Rhabditida,Teratocephalidae,Teratocephalus,,,,0,0,0,1,"Nemys eds. (2022). Nemys: World Database of Nematodes. Teratocephalus de Man, 1876. Accessed through: World Register of Marine Species at: https://www.marinespecies.org/aphia.php?p=taxdetails&id=227279 on 2022-06-30"
Teratorhabditis,1537373,exact,Checked by Taxonomic Editor,accepted,Teratorhabditis,"Osche, 1952",1537373,Teratorhabditis,"Osche, 1952",Animalia,Nematoda,Chromadorea,Rhabditida,Rhabditidae,Teratorhabditis,,,,0,0,0,1,"Nemys eds. (2022). Nemys: World Database of Nematodes. Teratorhabditis Osche, 1952. Accessed through: World Register of Marine Species at: https://www.marinespecies.org/aphia.php?p=taxdetails&id=1537373 on 2022-06-30"
Thonus,1479898,exact,Checked by Taxonomic Editor,unaccepted,Thonus,"Thorne, 1974",1294139,Crassolabium,"Yeates, 1967",Animalia,Nematoda,Enoplea,Dorylaimida,Dorylaimidae,Thonus,,,,0,0,1,1,"Nemys eds. (2022). Nemys: World Database of Nematodes. Thonus Thorne, 1974. Accessed through: World Register of Marine Species at: https://www.marinespecies.org/aphia.php?p=taxdetails&id=1479898 on 2022-06-30"
Thorneella,583044,exact,Checked by Taxonomic Editor,accepted,Thorneella,"Andrássy, 1960",583044,Thorneella,"Andrássy, 1960",Animalia,Nematoda,Enoplea,Dorylaimida,Thorniidae,Thorneella,,,,0,0,1,1,"Nemys eds. (2022). Nemys: World Database of Nematodes. Thorneella Andrássy, 1960. Accessed through: World Register of Marine Species at: https://www.marinespecies.org/aphia.php?p=taxdetails&id=583044 on 2022-06-30"
Thornenema,583045,exact,Checked by Taxonomic Editor,accepted,Thornenema,"Andrássy, 1959",583045,Thornenema,"Andrássy, 1959",Animalia,Nematoda,Enoplea,Dorylaimida,Thornenematidae,Thornenema,,,,0,0,1,1,"Nemys eds. (2022). Nemys: World Database of Nematodes. Thornenema Andrássy, 1959. Accessed through: World Register of Marine Species at: https://www.marinespecies.org/aphia.php?p=taxdetails&id=583045 on 2022-06-30"
Thornia,1294008,exact,Checked by Taxonomic Editor,accepted,Thornia,"Meyl, 1954",1294008,Thornia,"Meyl, 1954",Animalia,Nematoda,Enoplea,Dorylaimida,Thorniidae,Thornia,,,,,1,1,1,"Nemys eds. (2022). Nemys: World Database of Nematodes. Thornia Meyl, 1954. Accessed through: World Register of Marine Species at: https://www.marinespecies.org/aphia.php?p=taxdetails&id=1294008 on 2022-06-30"
Trichodorus,227385,exact,Checked by Taxonomic Editor,accepted,Trichodorus,"Cobb, 1913",227385,Trichodorus,"Cobb, 1913",Animalia,Nematoda,Enoplea,Triplonchida,Trichodoridae,Trichodorus,,,,,,1,1,"Nemys eds. (2022). Nemys: World Database of Nematodes. Trichodorus Cobb, 1913. Accessed through: World Register of Marine Species at: https://www.marinespecies.org/aphia.php?p=taxdetails&id=227385 on 2022-06-30"
Tripyla,2585,exact,Checked by Taxonomic Editor,accepted,Tripyla,"Bastian, 1865",2585,Tripyla,"Bastian, 1865",Animalia,Nematoda,Enoplea,Triplonchida,Tripylidae,Tripyla,,,,0,1,1,1,"Nemys eds. (2022). Nemys: World Database of Nematodes. Tripyla Bastian, 1865. Accessed through: World Register of Marine Species at: https://www.marinespecies.org/aphia.php?p=taxdetails&id=2585 on 2022-06-30"
Trophotylenchulus,1294171,exact,Checked by Taxonomic Editor,accepted,Trophotylenchulus,"Raski, 1957",1294171,Trophotylenchulus,"Raski, 1957",Animalia,Nematoda,Chromadorea,Rhabditida,Tylenchulidae,Trophotylenchulus,,,,0,0,0,1,"Nemys eds. (2022). Nemys: World Database of Nematodes. Trophotylenchulus Raski, 1957. Accessed through: World Register of Marine Species at: https://www.marinespecies.org/aphia.php?p=taxdetails&id=1294171 on 2022-06-30"
Trophurus,1323149,exact,Checked by Taxonomic Editor,accepted,Trophurus,"Loof, 1956",1323149,Trophurus,"Loof, 1956",Animalia,Nematoda,Chromadorea,Rhabditida,Dolichodoridae,Trophurus,,,,0,0,,1,"Nemys eds. (2022). Nemys: World Database of Nematodes. Trophurus Loof, 1956. Accessed through: World Register of Marine Species at: https://www.marinespecies.org/aphia.php?p=taxdetails&id=1323149 on 2022-06-30"
Tylencholaimellus,1294167,exact,Checked by Taxonomic Editor,accepted,Tylencholaimellus,"Cobb in Cobb, 1915",1294167,Tylencholaimellus,"Cobb in Cobb, 1915",Animalia,Nematoda,Enoplea,Dorylaimida,Tylencholaimellidae,Tylencholaimellus,,,,,,1,1,"Nemys eds. (2022). Nemys: World Database of Nematodes. Tylencholaimellus Cobb in Cobb, 1915. Accessed through: World Register of Marine Species at: https://www.marinespecies.org/aphia.php?p=taxdetails&id=1294167 on 2022-06-30"
Tylencholaimus,583055,exact,Checked by Taxonomic Editor,accepted,Tylencholaimus,"de Man, 1876",583055,Tylencholaimus,"de Man, 1876",Animalia,Nematoda,Enoplea,Dorylaimida,Qudsianematidae,Tylencholaimus,,,,0,0,1,1,"Nemys eds. (2022). Nemys: World Database of Nematodes. Tylencholaimus de Man, 1876. Accessed through: World Register of Marine Species at: https://www.marinespecies.org/aphia.php?p=taxdetails&id=583055 on 2022-06-30"
Tylenchorhynchus,583056,exact,Checked by Taxonomic Editor,accepted,Tylenchorhynchus,"Cobb, 1913",583056,Tylenchorhynchus,"Cobb, 1913",Animalia,Nematoda,Chromadorea,Rhabditida,Dolichodoridae,Tylenchorhynchus,,,,0,0,,1,"Nemys eds. (2022). Nemys: World Database of Nematodes. Tylenchorhynchus Cobb, 1913. Accessed through: World Register of Marine Species at: https://www.marinespecies.org/aphia.php?p=taxdetails&id=583056 on 2022-06-30"
Tylenchus,458892,exact,Checked by Taxonomic Editor,accepted,Tylenchus,"Bastian, 1865",458892,Tylenchus,"Bastian, 1865",Animalia,Nematoda,Chromadorea,Rhabditida,Tylenchidae,Tylenchus,,,,0,,1,1,"Nemys eds. (2022). Nemys: World Database of Nematodes. Tylenchus Bastian, 1865. Accessed through: World Register of Marine Species at: https://www.marinespecies.org/aphia.php?p=taxdetails&id=458892 on 2022-06-30"
Tyleptus,583057,exact,Checked by Taxonomic Editor,accepted,Tyleptus,"Thorne, 1939",583057,Tyleptus,"Thorne, 1939",Animalia,Nematoda,Enoplea,Dorylaimida,Leptonchidae,Tyleptus,,,,0,0,0,1,"Nemys eds. (2022). Nemys: World Database of Nematodes. Tyleptus Thorne, 1939. Accessed through: World Register of Marine Species at: https://www.marinespecies.org/aphia.php?p=taxdetails&id=583057 on 2022-06-30"
Tylocephalus,227275,exact,Checked by Taxonomic Editor,accepted,Tylocephalus,"Crossman, 1933",227275,Tylocephalus,"Crossman, 1933",Animalia,Nematoda,Chromadorea,Plectida,Plectidae,Tylocephalus,,,,,,1,1,"Nemys eds. (2022). Nemys: World Database of Nematodes. Tylocephalus Crossman, 1933. Accessed through: World Register of Marine Species at: https://www.marinespecies.org/aphia.php?p=taxdetails&id=227275 on 2022-06-30"
Tylopharynx,1294173,exact,Checked by Taxonomic Editor,accepted,Tylopharynx,"de Man, 1876",1294173,Tylopharynx,"de Man, 1876",Animalia,Nematoda,Chromadorea,Rhabditida,Diplogastridae,Tylopharynx,,,,,,1,1,"Nemys eds. (2022). Nemys: World Database of Nematodes. Tylopharynx de Man, 1876. Accessed through: World Register of Marine Species at: https://www.marinespecies.org/aphia.php?p=taxdetails&id=1294173 on 2022-06-30"
Wilsonema,227277,exact,Checked by Taxonomic Editor,accepted,Wilsonema,"Cobb, 1913",227277,Wilsonema,"Cobb, 1913",Animalia,Nematoda,Chromadorea,Plectida,Plectidae,Wilsonema,,,,0,0,1,1,"Nemys eds. (2022). Nemys: World Database of Nematodes. Wilsonema Cobb, 1913. Accessed through: World Register of Marine Species at: https://www.marinespecies.org/aphia.php?p=taxdetails&id=227277 on 2022-06-30"
Xenocriconemella,1427591,exact,Checked by Taxonomic Editor,accepted,Xenocriconemella,"De Griesse & Loof, 1965",1427591,Xenocriconemella,"De Griesse & Loof, 1965",Animalia,Nematoda,Chromadorea,Rhabditida,Criconematidae,Xenocriconemella,,,,0,0,,1,"Nemys eds. (2022). Nemys: World Database of Nematodes. Xenocriconemella De Griesse & Loof, 1965. Accessed through: World Register of Marine Species at: https://www.marinespecies.org/aphia.php?p=taxdetails&id=1427591 on 2022-06-30"
Xiphinema,583061,exact,Checked by Taxonomic Editor,accepted,Xiphinema,"Cobb, 1913",583061,Xiphinema,"Cobb, 1913",Animalia,Nematoda,Enoplea,Dorylaimida,Longidoridae,Xiphinema,,,,0,0,0,1,"Nemys eds. (2022). Nemys: World Database of Nematodes. Xiphinema Cobb, 1913. Accessed through: World Register of Marine Species at: https://www.marinespecies.org/aphia.php?p=taxdetails&id=583061 on 2022-06-30"
alien.jpg,,,,,,,,,,,,,,,,,,,,,,,
alienmo.jpg,,,,,,,,,,,,,,,,,,,,,,,
Aporcelaimium,,,,,,,,,,,,,,,,,,,,,,,
barracudamo.jpg,,,,,,,,,,,,,,,,,,,,,,,
Basiria,,ambiguous,,,,,,,,,,,,,,,,,,,,,
Becky3.jpg,,,,,,,,,,,,,,,,,,,,,,,
calipers.jpg,,,,,,,,,,,,,,,,,,,,,,,
candycane.jpg,,,,,,,,,,,,,,,,,,,,,,,
candycanemo.jpg,,,,,,,,,,,,,,,,,,,,,,,
catfish.jpg,,,,,,,,,,,,,,,,,,,,,,,
ceflapd.jpg,,,,,,,,,,,,,,,,,,,,,,,
Chrysonema,,ambiguous,,,,,,,,,,,,,,,,,,,,,
crab.jpg,,,,,,,,,,,,,,,,,,,,,,,
crabmo.jpg,,,,,,,,,,,,,,,,,,,,,,,
Criconematid,,,,,,,,,,,,,,,,,,,,,,,
Criconmema,,,,,,,,,,,,,,,,,,,,,,,
croc.jpg,,,,,,,,,,,,,,,,,,,,,,,
Dolichordorus,,,,,,,,,,,,,,,,,,,,,,,
dolphin.jpg,,,,,,,,,,,,,,,,,,,,,,,
Dominicactinolaimus,,,,,,,,,,,,,,,,,,,,,,,
escargot.jpg,,,,,,,,,,,,,,,,,,,,,,,
Genus,,,,,,,,,,,,,,,,,,,,,,,
gnome.jpg,,,,,,,,,,,,,,,,,,,,,,,
halleyi.jpg,,,,,,,,,,,,,,,,,,,,,,,
kiwiensis.jpg,,,,,,,,,,,,,,,,,,,,,,,
lady.jpg,,,,,,,,,,,,,,,,,,,,,,,
ladymo.jpg,,,,,,,,,,,,,,,,,,,,,,,
Loncharionema,,,,,,,,,,,,,,,,,,,,,,,
missile.jpg,,,,,,,,,,,,,,,,,,,,,,,
moon.jpg,,,,,,,,,,,,,,,,,,,,,,,
mouse.jpg,,,,,,,,,,,,,,,,,,,,,,,
nemahead.jpg,,,,,,,,,,,,,,,,,,,,,,,
nemaheadmo.jpg,,,,,,,,,,,,,,,,,,,,,,,
Paraplectonema,,ambiguous,,,,,,,,,,,,,,,,,,,,,
Pararotylenchus,,,,,,,,,,,,,,,,,,,,,,,
Paraxonchium,,,,,,,,,,,,,,,,,,,,,,,
pickle.jpg,,,,,,,,,,,,,,,,,,,,,,,
porpoise.jpg,,,,,,,,,,,,,,,,,,,,,,,
Pratylenchus,,ambiguous,,,,,,,,,,,,,,,,,,,,,
rudolph.jpg,,,,,,,,,,,,,,,,,,,,,,,
screweye.jpg,,,,,,,,,,,,,,,,,,,,,,,
screweyemo.jpg,,,,,,,,,,,,,,,,,,,,,,,
shark.jpg,,,,,,,,,,,,,,,,,,,,,,,
sharkmo.jpg,,,,,,,,,,,,,,,,,,,,,,,
thumb.jpg,,,,,,,,,,,,,,,,,,,,,,,
tornado.jpg,,,,,,,,,,,,,,,,,,,,,,,
valentode.jpg,,,,,,,,,,,,,,,,,,,,,,,
viking.jpg,,,,,,,,,,,,,,,,,,,,,,,
whale.jpg,,,,,,,,,,,,,,,,,,,,,,,
Willinema,,,,,,,,,,,,,,,,,,,,,,,
